device_student_count_24h,page_dwell_time_seconds,is_high_risk_asn,failed_attempts_1h,session_hardware_mismatch,is_off_peak_hour,target_label,threat_score,night_failures,dwell_per_attempt
2,55.1,0,0,0,0,0,0,0,55.1
15,26.7,1,6,1,1,1,4,6,3.81
3,63.6,0,2,0,0,0,0,0,21.2
118,2.9,1,3,1,1,1,3,3,0.72
62,33.7,1,6,1,1,1,4,6,4.81
2,48.0,0,0,1,0,0,1,0,48.0
3,52.9,0,2,1,0,0,1,0,17.63
1,81.9,0,0,0,0,0,0,0,81.9
1,50.1,0,0,0,0,0,0,0,50.1
77,22.7,1,4,0,1,1,3,4,4.54
1,49.1,0,0,0,1,0,1,0,49.1
115,16.5,0,2,0,1,1,1,2,5.5
10,17.7,0,4,0,1,1,2,4,3.54
82,22.9,1,4,1,1,1,4,4,4.58
37,23.2,1,2,1,0,1,2,0,7.73
1,61.2,0,1,0,0,0,0,0,30.6
114,43.8,0,2,0,0,0,0,0,14.6
1,58.8,0,0,0,0,0,0,0,58.8
48,11.0,1,4,1,1,1,4,4,2.2
1,76.8,0,0,0,0,0,0,0,76.8
1,118.0,0,0,0,0,0,0,0,118.0
1,41.3,0,0,0,0,0,0,0,41.3
27,14.7,1,4,0,1,1,3,4,2.94
78,19.0,1,2,0,1,1,2,2,6.33
3,81.4,0,0,0,0,0,0,0,81.4
98,22.1,1,4,1,1,1,4,4,4.42
1,55.4,0,1,0,0,0,0,0,27.7
1,29.8,0,1,0,0,0,0,0,14.9
114,31.4,0,4,0,1,1,2,4,6.28
23,9.8,0,5,0,0,1,1,0,1.63
1,84.4,0,0,0,1,0,1,0,84.4
109,24.9,0,1,0,0,0,0,0,12.45
54,11.0,1,5,0,0,1,2,0,1.83
61,31.1,1,4,1,0,1,3,0,6.22
45,30.9,0,0,0,0,0,0,0,30.9
1,29.8,1,0,0,0,0,1,0,29.8
83,20.4,1,5,1,1,1,4,5,3.4
1,22.6,0,0,1,0,0,1,0,22.6
2,59.5,0,0,0,0,0,0,0,59.5
114,25.1,1,0,0,0,1,1,0,25.1
1,87.0,0,3,0,0,0,0,0,21.75
1,85.0,0,2,0,0,0,0,0,28.33
3,81.1,0,0,0,1,0,1,0,81.1
2,62.8,0,1,0,0,0,0,0,31.4
64,29.8,0,4,0,1,1,2,4,5.96
83,24.8,1,3,1,0,1,2,0,6.2
1,72.8,0,0,0,0,0,0,0,72.8
3,53.8,0,1,0,0,0,0,0,26.9
50,18.7,0,3,1,0,1,1,0,4.68
78,20.7,1,4,0,0,1,2,0,4.14
3,14.5,1,4,1,1,1,4,4,2.9
1,49.9,0,0,1,0,0,1,0,49.9
1,86.0,0,1,0,0,0,0,0,43.0
1,107.6,0,0,0,0,0,0,0,107.6
104,17.9,1,4,1,1,1,4,4,3.58
110,9.6,1,0,1,1,1,3,0,9.6
1,50.7,0,0,0,0,0,0,0,50.7
46,48.1,0,1,0,0,0,0,0,24.05
59,29.2,1,4,1,1,1,4,4,5.84
1,58.1,0,3,0,0,0,0,0,14.52
39,24.9,1,5,1,1,1,4,5,4.15
1,54.5,0,3,0,0,0,0,0,13.62
2,8.0,0,1,0,0,0,0,0,4.0
1,66.8,0,0,0,0,0,0,0,66.8
31,16.3,0,0,1,1,1,2,0,16.3
1,59.4,0,0,0,0,0,0,0,59.4
1,75.7,0,0,0,1,0,1,0,75.7
3,21.6,0,5,1,1,1,3,5,3.6
1,43.5,0,0,0,0,0,0,0,43.5
1,64.4,0,0,0,0,0,0,0,64.4
104,8.1,0,4,0,1,1,2,4,1.62
2,62.6,0,0,0,0,0,0,0,62.6
1,51.7,0,1,0,0,0,0,0,25.85
1,91.6,0,1,0,0,0,0,0,45.8
61,39.0,0,0,0,0,0,0,0,39.0
1,8.0,0,1,1,0,0,1,0,4.0
99,43.8,0,3,0,0,0,0,0,10.95
2,27.6,0,1,1,0,0,1,0,13.8
76,40.5,0,1,0,0,0,0,0,20.25
1,71.2,0,0,0,0,0,0,0,71.2
1,45.3,0,0,0,0,0,0,0,45.3
1,72.7,0,0,0,0,0,0,0,72.7
1,31.8,0,0,0,0,0,0,0,31.8
2,31.4,0,1,0,0,0,0,0,15.7
3,90.9,0,1,0,0,0,0,0,45.45
1,55.6,0,1,0,0,0,0,0,27.8
1,69.5,0,0,0,0,0,0,0,69.5
1,72.5,0,0,0,0,0,0,0,72.5
2,43.6,0,0,0,0,0,0,0,43.6
3,58.8,1,0,0,0,0,1,0,58.8
65,21.9,1,1,0,1,1,2,1,10.95
1,47.6,0,2,0,0,0,0,0,15.87
49,44.3,0,0,0,0,0,0,0,44.3
1,25.1,0,0,0,0,0,0,0,25.1
114,8.6,1,5,1,1,1,4,5,1.43
51,29.5,1,5,0,0,1,2,0,4.92
1,93.1,1,1,0,0,0,1,0,46.55
1,137.8,0,0,1,0,0,1,0,137.8
1,31.2,0,0,0,0,0,0,0,31.2
80,33.7,0,1,1,0,1,1,0,16.85
3,66.1,0,1,0,0,0,0,0,33.05
1,51.6,0,1,0,0,0,0,0,25.8
73,4.6,1,3,1,0,1,2,0,1.15
114,28.9,0,4,1,1,1,3,4,5.78
1,44.4,0,0,0,0,0,0,0,44.4
1,45.1,0,1,0,0,0,0,0,22.55
1,58.4,0,0,0,0,0,0,0,58.4
21,14.0,1,0,0,0,0,1,0,14.0
1,105.2,0,3,0,0,0,0,0,26.3
2,60.8,1,0,0,0,0,1,0,60.8
1,84.9,0,1,0,0,0,0,0,42.45
1,105.5,0,0,0,1,0,1,0,105.5
1,73.3,0,0,0,0,0,0,0,73.3
88,31.9,0,4,1,1,1,3,4,6.38
2,36.4,0,0,1,0,0,1,0,36.4
1,89.3,0,0,0,0,0,0,0,89.3
50,29.3,1,4,1,1,1,4,4,5.86
3,41.5,0,0,0,0,0,0,0,41.5
91,9.5,1,2,1,0,1,2,0,3.17
2,87.3,0,0,1,0,0,1,0,87.3
1,41.5,0,0,1,0,0,1,0,41.5
23,29.4,0,3,0,0,1,0,0,7.35
74,34.5,0,2,0,1,1,1,2,11.5
38,29.3,0,1,0,0,0,0,0,14.65
24,30.8,1,3,1,0,1,2,0,7.7
2,74.0,0,0,0,0,0,0,0,74.0
1,73.1,0,0,0,0,0,0,0,73.1
37,10.5,0,3,1,1,1,2,3,2.62
87,41.9,0,0,0,1,0,1,0,41.9
19,25.7,0,1,0,1,0,1,1,12.85
46,19.5,0,0,0,0,0,0,0,19.5
29,25.6,1,2,0,1,1,2,2,8.53
2,72.5,0,0,0,0,0,0,0,72.5
14,14.5,0,6,0,1,1,2,6,2.07
1,65.3,0,1,0,0,0,0,0,32.65
1,41.7,0,1,0,0,0,0,0,20.85
1,69.8,0,0,0,0,0,0,0,69.8
1,50.6,0,1,0,0,0,0,0,25.3
41,5.5,1,3,1,0,1,2,0,1.38
43,49.9,0,2,0,0,0,0,0,16.63
2,52.4,0,0,0,0,0,0,0,52.4
81,34.1,1,3,1,1,1,3,3,8.52
1,28.4,0,0,0,0,0,0,0,28.4
1,76.3,0,0,0,0,0,0,0,76.3
1,49.8,0,0,0,1,0,1,0,49.8
58,26.4,0,0,0,0,0,0,0,26.4
18,33.7,1,3,1,1,1,3,3,8.43
100,41.4,0,0,0,0,0,0,0,41.4
45,21.7,1,5,1,1,1,4,5,3.62
112,23.0,1,3,0,1,1,2,3,5.75
54,21.6,0,1,0,0,0,0,0,10.8
1,49.3,0,0,0,0,0,0,0,49.3
17,17.3,1,2,0,0,1,1,0,5.77
36,4.3,1,2,1,1,1,3,2,1.43
1,65.6,0,2,0,0,0,0,0,21.87
1,79.0,0,3,0,1,0,1,3,19.75
1,81.0,0,0,0,0,0,0,0,81.0
17,8.8,1,1,1,1,1,3,1,4.4
86,30.1,0,5,0,1,1,2,5,5.02
3,71.8,0,0,0,0,0,0,0,71.8
1,33.6,0,1,0,0,0,0,0,16.8
1,45.5,0,1,0,0,0,0,0,22.75
41,27.3,0,2,1,1,1,2,2,9.1
1,37.7,0,0,0,0,0,0,0,37.7
1,44.1,0,0,0,0,0,0,0,44.1
45,2.7,0,4,0,1,1,2,4,0.54
1,69.7,0,0,0,0,0,0,0,69.7
30,21.7,0,1,0,0,0,0,0,10.85
1,63.6,0,0,0,0,0,0,0,63.6
1,66.3,0,1,0,0,0,0,0,33.15
1,15.6,0,0,0,0,0,0,0,15.6
1,34.5,0,1,0,0,0,0,0,17.25
1,8.0,0,1,0,0,0,0,0,4.0
51,30.6,1,3,1,1,1,3,3,7.65
116,25.4,0,2,0,0,0,0,0,8.47
1,50.2,0,0,0,0,0,0,0,50.2
1,102.6,0,0,0,0,0,0,0,102.6
75,19.5,0,0,0,0,0,0,0,19.5
1,82.3,0,0,0,0,0,0,0,82.3
116,32.7,1,4,0,1,1,3,4,6.54
2,91.1,0,0,0,0,0,0,0,91.1
46,50.0,0,0,0,0,0,0,0,50.0
1,65.6,0,1,0,0,0,0,0,32.8
1,51.0,0,0,0,0,0,0,0,51.0
14,35.0,0,4,1,1,1,3,4,7.0
1,31.7,0,0,0,0,0,0,0,31.7
88,36.8,0,0,0,1,0,1,0,36.8
77,39.4,0,0,0,0,0,0,0,39.4
75,10.9,1,2,0,1,1,2,2,3.63
2,65.4,0,0,1,0,0,1,0,65.4
1,85.7,0,0,0,1,0,1,0,85.7
5,3.1,0,1,1,1,1,2,1,1.55
1,39.1,0,0,0,0,0,0,0,39.1
1,50.9,0,0,0,0,0,0,0,50.9
36,10.4,1,3,1,1,1,3,3,2.6
1,21.0,0,1,0,0,0,0,0,10.5
1,45.3,0,0,1,0,0,1,0,45.3
3,73.9,0,0,0,0,0,0,0,73.9
74,26.5,1,3,1,1,1,3,3,6.62
68,17.0,1,4,0,1,1,3,4,3.4
2,70.7,0,0,0,0,0,0,0,70.7
1,66.5,0,1,0,0,0,0,0,33.25
1,31.5,0,2,0,0,0,0,0,10.5
74,11.5,1,4,0,1,1,3,4,2.3
91,15.4,0,1,0,0,1,0,0,7.7
118,31.8,0,1,0,1,1,1,1,15.9
1,21.8,0,0,0,0,0,0,0,21.8
70,6.0,1,5,0,1,1,3,5,1.0
55,14.7,1,2,0,1,1,2,2,4.9
17,25.0,1,7,1,0,1,3,0,3.12
1,130.4,0,0,0,0,0,0,0,130.4
107,20.5,1,2,0,1,1,2,2,6.83
1,50.4,0,2,0,1,0,1,2,16.8
58,3.5,1,1,1,1,1,3,1,1.75
8,26.7,1,3,1,1,1,3,3,6.68
79,7.5,0,3,1,0,1,1,0,1.88
96,9.2,0,5,0,1,1,2,5,1.53
100,17.4,0,0,0,0,0,0,0,17.4
57,14.9,0,0,0,0,0,0,0,14.9
1,44.9,0,0,0,0,0,0,0,44.9
1,84.2,0,0,0,0,0,0,0,84.2
1,102.6,1,0,0,0,0,1,0,102.6
46,26.1,1,5,1,1,1,4,5,4.35
16,27.5,1,1,0,0,1,1,0,13.75
1,89.0,0,0,0,0,0,0,0,89.0
96,18.8,0,0,0,1,0,1,0,18.8
37,3.1,1,0,1,0,1,2,0,3.1
1,21.4,0,2,0,0,0,0,0,7.13
2,74.1,0,0,0,0,0,0,0,74.1
11,28.5,1,5,0,1,1,3,5,4.75
15,19.7,0,1,0,0,0,0,0,9.85
1,45.5,0,0,0,0,0,0,0,45.5
1,91.2,0,0,0,0,0,0,0,91.2
1,22.1,0,0,0,0,0,0,0,22.1
1,58.4,0,0,0,0,0,0,0,58.4
55,7.2,0,4,0,0,1,1,0,1.44
2,33.2,0,3,0,0,0,0,0,8.3
2,86.2,0,1,0,0,0,0,0,43.1
4,46.0,0,0,0,0,0,0,0,46.0
33,12.0,0,5,1,0,1,2,0,2.0
38,34.1,1,4,0,0,1,2,0,6.82
1,55.7,0,0,0,0,0,0,0,55.7
1,48.5,0,0,0,0,0,0,0,48.5
3,47.6,0,1,0,0,0,0,0,23.8
1,54.3,0,0,0,0,0,0,0,54.3
1,65.0,0,0,0,0,0,0,0,65.0
3,29.0,0,0,0,0,0,0,0,29.0
93,16.0,0,0,1,0,0,1,0,16.0
25,6.2,1,4,1,1,1,4,4,1.24
76,20.5,0,4,1,1,1,3,4,4.1
1,97.0,0,0,0,0,0,0,0,97.0
85,26.2,0,3,1,1,1,2,3,6.55
1,61.0,0,0,0,0,0,0,0,61.0
2,52.0,0,0,0,1,0,1,0,52.0
1,35.9,0,1,0,0,0,0,0,17.95
1,93.3,0,2,0,1,0,1,2,31.1
102,13.2,0,3,1,0,1,1,0,3.3
1,31.1,1,0,0,0,0,1,0,31.1
1,52.5,0,2,0,0,0,0,0,17.5
1,63.7,0,0,0,0,0,0,0,63.7
4,44.8,0,1,0,0,0,0,0,22.4
1,90.0,0,1,0,0,0,0,0,45.0
1,61.3,0,0,0,0,0,0,0,61.3
1,84.4,0,0,0,0,0,0,0,84.4
2,112.2,0,2,0,0,0,0,0,37.4
65,30.5,0,1,1,1,1,2,1,15.25
2,50.7,0,0,0,0,0,0,0,50.7
88,4.6,1,5,1,1,1,4,5,0.77
1,61.2,0,1,0,0,0,0,0,30.6
29,29.8,1,1,1,1,1,3,1,14.9
3,55.2,0,0,0,0,0,0,0,55.2
88,34.7,1,4,1,1,1,4,4,6.94
1,42.3,0,0,0,0,0,0,0,42.3
1,91.8,0,0,1,0,0,1,0,91.8
1,69.0,0,0,0,0,0,0,0,69.0
1,80.8,0,0,0,0,0,0,0,80.8
3,52.5,0,0,0,0,0,0,0,52.5
105,17.6,0,1,0,0,0,0,0,8.8
1,108.5,0,0,0,0,0,0,0,108.5
3,9.4,1,2,1,1,1,3,2,3.13
2,91.5,0,1,0,0,0,0,0,45.75
1,75.8,0,1,0,0,0,0,0,37.9
119,28.2,1,2,1,1,1,3,2,9.4
11,16.6,1,3,1,1,1,3,3,4.15
1,108.7,1,0,0,0,0,1,0,108.7
2,67.0,0,2,0,0,0,0,0,22.33
119,19.9,1,2,1,1,1,3,2,6.63
1,32.3,0,0,0,0,0,0,0,32.3
1,82.3,0,0,0,0,0,0,0,82.3
54,27.8,0,0,0,1,0,1,0,27.8
2,117.6,0,0,0,0,0,0,0,117.6
2,22.9,0,0,0,0,0,0,0,22.9
3,90.0,0,1,0,0,0,0,0,45.0
1,70.5,0,3,0,0,0,0,0,17.62
1,86.5,1,0,0,0,0,1,0,86.5
45,33.9,0,4,0,0,1,1,0,6.78
1,48.7,0,2,0,0,0,0,0,16.23
24,40.0,0,1,0,0,0,0,0,20.0
1,97.2,0,0,0,0,0,0,0,97.2
5,16.6,1,3,0,1,1,2,3,4.15
87,28.0,1,1,0,0,1,1,0,14.0
1,19.2,0,1,0,0,0,0,0,9.6
1,101.6,0,0,0,0,0,0,0,101.6
2,46.7,0,0,0,0,0,0,0,46.7
93,3.1,1,1,0,1,1,2,1,1.55
55,31.5,0,5,1,1,1,3,5,5.25
1,66.0,0,0,0,0,0,0,0,66.0
80,42.1,1,0,0,1,0,2,0,42.1
2,63.3,0,0,0,0,0,0,0,63.3
2,49.1,0,0,0,0,0,0,0,49.1
1,78.3,0,0,0,0,0,0,0,78.3
15,2.1,1,6,1,1,1,4,6,0.3
108,32.9,0,0,1,1,1,2,0,32.9
3,17.9,0,0,0,0,0,0,0,17.9
1,85.9,0,0,0,0,0,0,0,85.9
87,17.7,0,0,0,0,0,0,0,17.7
1,38.9,0,0,0,0,0,0,0,38.9
111,4.2,1,1,1,0,1,2,0,2.1
50,37.2,0,0,0,1,0,1,0,37.2
52,30.3,0,1,0,0,0,0,0,15.15
1,28.6,0,1,0,0,0,0,0,14.3
1,25.8,0,0,0,0,0,0,0,25.8
1,41.5,0,1,0,0,0,0,0,20.75
1,80.7,0,1,0,0,0,0,0,40.35
1,63.2,0,0,0,0,0,0,0,63.2
1,39.0,0,0,0,0,0,0,0,39.0
114,22.1,1,4,1,1,1,4,4,4.42
99,21.1,1,2,1,0,1,2,0,7.03
3,26.7,0,0,0,0,0,0,0,26.7
84,29.0,1,6,1,0,1,3,0,4.14
56,32.9,0,2,0,1,0,1,2,10.97
1,12.3,0,0,0,0,0,0,0,12.3
38,29.7,0,3,0,1,1,1,3,7.42
1,39.7,0,1,0,0,0,0,0,19.85
1,71.2,0,0,0,0,0,0,0,71.2
29,29.7,1,2,1,0,1,2,0,9.9
77,27.9,1,0,1,0,1,2,0,27.9
1,106.2,0,0,0,0,0,0,0,106.2
33,14.9,0,4,1,1,1,3,4,2.98
1,37.1,1,0,0,0,0,1,0,37.1
1,40.0,0,0,0,0,0,0,0,40.0
12,16.4,1,3,1,0,1,2,0,4.1
1,100.7,0,1,0,0,0,0,0,50.35
7,2.8,1,3,1,1,1,3,3,0.7
24,23.1,0,3,1,1,1,2,3,5.78
3,62.7,0,0,0,0,0,0,0,62.7
2,91.7,0,0,0,0,0,0,0,91.7
1,43.0,0,0,0,0,0,0,0,43.0
1,40.7,1,0,0,0,0,1,0,40.7
21,23.5,0,0,0,1,1,1,0,23.5
1,33.7,0,0,1,0,0,1,0,33.7
1,54.1,0,3,0,0,0,0,0,13.52
38,8.4,1,4,1,0,1,3,0,1.68
93,12.9,0,2,1,1,1,2,2,4.3
1,52.1,0,1,0,0,0,0,0,26.05
95,4.0,1,4,1,1,1,4,4,0.8
2,70.7,0,0,0,0,0,0,0,70.7
1,102.0,1,0,0,0,0,1,0,102.0
1,81.9,0,0,0,0,0,0,0,81.9
116,21.9,0,3,1,1,0,2,3,5.48
3,8.0,0,0,0,0,0,0,0,8.0
97,22.6,1,6,0,1,1,3,6,3.23
1,73.0,0,0,0,0,0,0,0,73.0
1,100.9,0,0,0,0,0,0,0,100.9
1,59.9,0,2,0,0,0,0,0,19.97
44,11.6,1,3,1,1,1,3,3,2.9
109,22.7,1,2,1,0,1,2,0,7.57
3,52.6,0,0,0,0,0,0,0,52.6
1,39.9,0,0,0,0,0,0,0,39.9
3,29.3,0,1,0,0,0,0,0,14.65
72,23.7,1,1,0,1,1,2,1,11.85
1,20.0,0,0,0,0,0,0,0,20.0
1,69.6,0,0,0,0,0,0,0,69.6
115,31.0,1,0,0,0,0,1,0,31.0
1,24.9,0,0,0,0,0,0,0,24.9
38,2.1,1,1,0,1,1,2,1,1.05
1,45.4,0,0,0,0,0,0,0,45.4
2,72.4,0,0,0,1,0,1,0,72.4
1,86.6,0,0,0,0,0,0,0,86.6
2,64.3,0,0,0,0,0,0,0,64.3
2,69.3,0,0,0,0,0,0,0,69.3
34,34.1,1,2,1,0,1,2,0,11.37
5,9.6,1,2,1,1,1,3,2,3.2
1,33.6,0,0,0,0,0,0,0,33.6
1,8.0,0,0,0,0,0,0,0,8.0
1,20.0,0,0,1,0,0,1,0,20.0
2,62.7,0,0,0,0,0,0,0,62.7
6,7.9,1,2,1,1,1,3,2,2.63
32,18.6,0,0,0,0,0,0,0,18.6
3,46.0,0,0,0,0,0,0,0,46.0
7,28.3,1,5,1,0,1,3,0,4.72
2,77.9,0,0,0,0,0,0,0,77.9
81,8.3,1,3,1,1,1,3,3,2.08
1,88.7,0,0,0,0,0,0,0,88.7
1,53.6,0,3,0,1,0,1,3,13.4
2,10.5,0,0,0,0,0,0,0,10.5
1,82.0,0,0,0,0,0,0,0,82.0
2,69.1,0,0,0,1,0,1,0,69.1
1,61.8,0,0,0,0,0,0,0,61.8
1,8.0,0,2,0,0,0,0,0,2.67
1,70.5,0,0,0,0,0,0,0,70.5
1,65.8,0,1,0,0,0,0,0,32.9
1,47.2,0,0,0,0,0,0,0,47.2
107,6.4,1,5,0,1,1,3,5,1.07
61,21.0,0,0,1,1,1,2,0,21.0
81,48.1,0,0,0,0,0,0,0,48.1
2,48.1,0,3,0,0,0,0,0,12.02
1,40.2,1,1,0,0,0,1,0,20.1
1,25.8,0,1,0,0,0,0,0,12.9
99,32.6,0,4,1,1,1,3,4,6.52
1,12.3,0,0,0,0,0,0,0,12.3
13,33.6,0,0,0,0,0,0,0,33.6
1,44.4,0,0,0,0,0,0,0,44.4
1,45.0,0,1,0,0,0,0,0,22.5
1,48.6,0,2,0,0,0,0,0,16.2
42,34.9,0,0,0,0,0,0,0,34.9
1,80.5,0,0,0,0,0,0,0,80.5
2,39.9,0,0,0,0,0,0,0,39.9
1,68.5,0,0,0,0,0,0,0,68.5
7,11.0,1,7,1,1,1,4,7,1.38
1,39.4,0,1,0,0,0,0,0,19.7
1,41.3,0,0,0,0,0,0,0,41.3
3,77.8,0,3,0,1,0,1,3,19.45
102,2.8,0,1,1,0,1,1,0,1.4
57,34.3,0,2,0,0,0,0,0,11.43
1,68.2,0,0,0,0,0,0,0,68.2
67,12.8,1,1,1,1,1,3,1,6.4
25,23.3,1,4,1,1,1,4,4,4.66
2,21.9,1,2,0,0,0,1,0,7.3
1,77.2,0,0,0,0,0,0,0,77.2
72,21.6,0,2,0,0,0,0,0,7.2
48,30.3,0,0,0,0,0,0,0,30.3
3,65.4,0,1,0,0,0,0,0,32.7
81,27.1,1,2,0,1,1,2,2,9.03
69,25.2,0,2,0,1,0,1,2,8.4
1,47.6,0,0,0,0,0,0,0,47.6
2,109.3,0,1,0,0,0,0,0,54.65
79,14.5,0,4,0,0,0,1,0,2.9
1,34.2,0,0,0,0,0,0,0,34.2
1,33.2,0,2,0,0,0,0,0,11.07
75,3.0,1,1,1,1,1,3,1,1.5
2,30.3,1,0,0,0,0,1,0,30.3
108,32.6,1,6,1,0,1,3,0,4.66
81,4.6,1,4,1,0,1,3,0,0.92
1,59.2,0,0,0,0,0,0,0,59.2
1,8.1,0,1,0,0,0,0,0,4.05
41,15.9,0,1,1,0,1,1,0,7.95
1,28.2,0,0,0,0,0,0,0,28.2
13,31.5,1,1,1,0,1,2,0,15.75
88,25.5,0,1,0,1,1,1,1,12.75
1,72.0,0,0,0,0,0,0,0,72.0
1,44.8,0,0,0,0,0,0,0,44.8
1,53.8,0,3,0,0,0,0,0,13.45
22,21.0,1,7,1,0,1,3,0,2.62
1,32.0,0,0,0,0,0,0,0,32.0
1,82.8,0,0,0,0,0,0,0,82.8
1,80.4,0,0,0,0,0,0,0,80.4
1,78.8,0,1,0,0,0,0,0,39.4
50,26.8,1,0,1,0,1,2,0,26.8
3,65.2,0,1,0,0,0,0,0,32.6
1,107.3,0,0,0,1,0,1,0,107.3
1,73.8,0,3,0,0,0,0,0,18.45
3,79.8,0,0,1,0,0,1,0,79.8
53,3.6,1,2,1,1,1,3,2,1.2
3,28.6,0,0,0,0,0,0,0,28.6
1,45.3,0,0,0,0,0,0,0,45.3
1,64.8,0,2,1,0,0,1,0,21.6
1,72.7,0,0,0,0,0,0,0,72.7
10,22.9,0,0,1,0,0,1,0,22.9
1,59.1,0,0,0,0,0,0,0,59.1
1,63.9,0,0,0,0,0,0,0,63.9
88,27.1,1,3,1,1,1,3,3,6.78
1,109.8,0,0,0,0,0,0,0,109.8
2,50.3,0,1,0,0,0,0,0,25.15
39,18.5,1,3,0,1,1,2,3,4.62
1,36.5,0,0,0,0,0,0,0,36.5
1,57.2,0,0,0,0,0,0,0,57.2
34,32.6,1,4,1,0,1,3,0,6.52
4,84.9,0,1,0,0,0,0,0,42.45
1,100.4,0,1,0,0,0,0,0,50.2
55,3.6,0,4,1,1,1,3,4,0.72
17,27.4,1,4,0,1,1,3,4,5.48
71,34.2,1,1,1,1,1,3,1,17.1
97,16.4,0,4,0,0,1,1,0,3.28
42,14.6,1,3,1,0,1,2,0,3.65
1,83.5,0,1,0,0,0,0,0,41.75
4,79.0,1,0,0,0,0,1,0,79.0
54,19.3,0,1,0,0,0,0,0,9.65
3,62.2,0,0,0,0,0,0,0,62.2
73,28.1,1,1,1,1,1,3,1,14.05
1,101.6,0,0,0,0,0,0,0,101.6
1,34.4,0,1,0,0,0,0,0,17.2
1,77.4,0,0,0,0,0,0,0,77.4
1,43.8,0,0,0,0,0,0,0,43.8
1,43.3,1,2,0,0,0,1,0,14.43
3,116.8,0,0,0,0,0,0,0,116.8
1,43.2,0,0,0,0,0,0,0,43.2
1,60.4,0,0,0,0,0,0,0,60.4
22,16.9,0,0,0,0,0,0,0,16.9
1,34.4,0,0,0,0,0,0,0,34.4
1,89.9,1,0,0,0,0,1,0,89.9
71,9.4,1,5,1,0,1,3,0,1.57
1,31.8,0,0,0,0,0,0,0,31.8
97,22.8,0,2,0,0,0,0,0,7.6
1,38.0,0,0,0,0,0,0,0,38.0
95,10.8,1,4,0,0,1,2,0,2.16
1,71.8,0,1,1,0,0,1,0,35.9
1,81.5,0,0,0,0,0,0,0,81.5
4,67.8,0,0,0,0,0,0,0,67.8
16,32.3,1,4,1,1,1,4,4,6.46
108,33.2,1,2,1,0,1,2,0,11.07
100,10.9,1,3,1,1,1,3,3,2.72
1,47.3,1,1,0,0,0,1,0,23.65
16,16.9,0,3,1,0,1,1,0,4.22
80,12.2,1,0,1,1,1,3,0,12.2
47,31.6,0,0,0,0,0,0,0,31.6
24,4.2,0,6,1,0,1,2,0,0.6
55,30.3,0,0,0,0,0,0,0,30.3
1,70.1,0,0,0,0,0,0,0,70.1
106,13.5,0,4,1,1,1,3,4,2.7
112,16.6,1,2,1,1,1,3,2,5.53
8,5.0,1,1,1,0,1,2,0,2.5
1,88.1,0,0,0,0,0,0,0,88.1
1,82.8,0,0,0,0,0,0,0,82.8
1,38.6,0,3,0,0,0,0,0,9.65
1,94.7,0,1,0,0,0,0,0,47.35
1,119.9,0,0,0,0,0,0,0,119.9
1,72.3,0,0,0,0,0,0,0,72.3
102,27.1,1,4,1,0,1,3,0,5.42
90,25.6,0,0,0,0,0,0,0,25.6
1,74.1,0,1,0,0,0,0,0,37.05
1,66.3,1,0,0,0,0,1,0,66.3
26,4.4,1,4,0,1,1,3,4,0.88
1,45.7,1,0,0,0,0,1,0,45.7
1,30.6,0,2,0,0,0,0,0,10.2
64,31.0,1,5,0,1,1,3,5,5.17
1,85.0,0,0,0,0,0,0,0,85.0
3,38.7,0,0,0,0,0,0,0,38.7
2,44.1,0,1,0,0,0,0,0,22.05
89,25.9,1,2,0,0,1,1,0,8.63
1,69.7,0,0,0,0,0,0,0,69.7
75,27.6,0,0,0,0,0,0,0,27.6
67,12.6,0,5,1,1,1,3,5,2.1
1,39.2,0,0,0,0,0,0,0,39.2
1,25.5,0,0,0,0,0,0,0,25.5
1,103.7,0,0,0,0,0,0,0,103.7
75,40.5,0,2,0,0,0,0,0,13.5
54,3.1,1,2,1,1,1,3,2,1.03
1,51.0,0,0,0,0,0,0,0,51.0
1,36.8,0,0,0,0,0,0,0,36.8
65,6.4,0,3,0,1,1,1,3,1.6
4,30.3,0,0,0,0,0,0,0,30.3
2,41.8,0,1,0,0,0,0,0,20.9
16,24.9,0,1,0,0,0,0,0,12.45
13,37.7,0,0,0,0,0,0,0,37.7
44,4.3,0,2,1,0,1,1,0,1.43
1,69.1,1,0,0,1,0,2,0,69.1
1,85.2,0,0,0,0,0,0,0,85.2
89,6.9,0,4,0,1,1,2,4,1.38
86,15.9,0,6,1,1,1,3,6,2.27
73,19.0,0,1,1,0,1,1,0,9.5
19,21.5,1,2,1,1,1,3,2,7.17
2,13.7,0,0,0,1,0,1,0,13.7
1,32.0,0,0,0,0,0,0,0,32.0
4,26.8,0,0,0,0,0,0,0,26.8
57,20.0,0,5,1,0,1,2,0,3.33
65,28.7,1,2,0,1,1,2,2,9.57
1,38.8,1,0,0,0,0,1,0,38.8
1,65.5,0,1,0,0,0,0,0,32.75
2,69.7,0,0,0,0,0,0,0,69.7
1,60.9,0,0,0,0,0,0,0,60.9
21,22.8,0,5,1,1,1,3,5,3.8
1,56.6,0,0,0,0,0,0,0,56.6
1,68.6,0,0,0,0,0,0,0,68.6
1,117.0,0,1,0,0,0,0,0,58.5
1,78.8,1,0,0,0,0,1,0,78.8
1,70.0,0,1,0,0,0,0,0,35.0
2,59.8,1,0,0,0,0,1,0,59.8
57,32.2,1,1,1,0,1,2,0,16.1
1,82.7,0,0,0,0,0,0,0,82.7
1,23.8,0,1,0,0,0,0,0,11.9
106,30.6,1,6,1,0,1,3,0,4.37
73,14.5,0,2,1,1,1,2,2,4.83
1,83.8,0,0,0,0,0,0,0,83.8
72,21.7,0,2,1,1,1,2,2,7.23
3,46.1,0,0,0,0,0,0,0,46.1
41,38.5,0,0,0,0,0,0,0,38.5
3,65.6,0,2,0,0,0,0,0,21.87
3,53.6,0,2,0,0,0,0,0,17.87
109,8.6,0,4,1,1,1,3,4,1.72
1,75.2,0,0,0,0,0,0,0,75.2
41,16.1,0,2,0,1,1,1,2,5.37
28,29.8,1,4,1,0,1,3,0,5.96
57,17.4,1,6,0,1,1,3,6,2.49
4,38.6,0,0,0,0,0,0,0,38.6
1,61.6,0,3,0,0,0,0,0,15.4
1,60.7,1,0,0,0,0,1,0,60.7
102,45.0,1,1,0,0,0,1,0,22.5
1,65.0,0,0,1,0,0,1,0,65.0
1,26.6,0,0,0,0,0,0,0,26.6
1,73.9,0,0,0,0,0,0,0,73.9
1,65.4,0,0,0,0,0,0,0,65.4
30,49.8,0,1,0,0,0,0,0,24.9
45,12.3,0,1,0,0,0,0,0,6.15
1,66.6,0,0,0,0,0,0,0,66.6
1,19.6,0,0,0,0,0,0,0,19.6
1,13.9,0,0,0,0,0,0,0,13.9
1,107.2,0,0,0,0,0,0,0,107.2
65,16.0,0,0,0,0,0,0,0,16.0
13,28.6,0,2,1,1,1,2,2,9.53
3,46.8,0,1,0,0,0,0,0,23.4
79,49.8,0,0,0,0,0,0,0,49.8
1,133.0,0,0,0,0,0,0,0,133.0
2,50.1,0,1,0,0,0,0,0,25.05
89,17.3,1,2,1,1,1,3,2,5.77
2,54.1,0,0,0,0,0,0,0,54.1
51,28.2,1,0,0,0,0,1,0,28.2
48,6.5,1,0,1,0,1,2,0,6.5
1,37.8,0,1,0,0,0,0,0,18.9
40,28.7,0,2,0,0,0,0,0,9.57
93,34.9,1,5,1,0,1,3,0,5.82
3,43.7,0,0,0,0,0,0,0,43.7
1,34.7,1,0,0,0,0,1,0,34.7
1,68.6,0,0,0,0,0,0,0,68.6
1,66.2,0,0,0,1,0,1,0,66.2
1,57.2,0,0,0,0,0,0,0,57.2
3,46.2,0,1,0,0,0,0,0,23.1
1,65.4,0,1,0,0,0,0,0,32.7
1,35.4,0,0,0,0,0,0,0,35.4
3,82.1,0,0,0,0,0,0,0,82.1
16,16.8,1,5,1,1,1,4,5,2.8
72,19.9,1,2,1,1,1,3,2,6.63
1,69.8,1,0,0,0,0,1,0,69.8
1,81.5,0,0,0,0,0,0,0,81.5
35,14.6,0,2,1,0,1,1,0,4.87
1,34.9,0,1,0,0,0,0,0,17.45
3,63.7,0,0,0,1,0,1,0,63.7
1,38.7,0,0,0,0,0,0,0,38.7
33,14.9,1,4,1,1,1,4,4,2.98
1,77.5,0,0,0,0,0,0,0,77.5
80,49.3,0,1,0,0,0,0,0,24.65
1,14.1,0,0,1,0,0,1,0,14.1
1,45.5,0,0,0,0,0,0,0,45.5
1,98.4,0,0,0,0,0,0,0,98.4
1,85.8,0,0,0,0,0,0,0,85.8
36,13.3,0,2,0,0,0,0,0,4.43
1,66.6,0,0,0,0,0,0,0,66.6
1,9.4,0,0,0,0,0,0,0,9.4
3,83.8,0,0,0,0,0,0,0,83.8
1,114.9,0,0,0,0,0,0,0,114.9
1,68.4,0,0,0,0,0,0,0,68.4
2,101.4,0,0,0,0,0,0,0,101.4
49,17.4,1,4,1,1,1,4,4,3.48
1,51.7,0,0,0,0,0,0,0,51.7
1,60.2,1,0,0,0,0,1,0,60.2
1,72.5,0,1,0,0,0,0,0,36.25
2,87.1,0,0,0,0,0,0,0,87.1
99,26.0,0,1,0,1,0,1,1,13.0
1,66.5,0,0,0,0,0,0,0,66.5
75,25.1,1,3,1,1,1,3,3,6.28
1,37.9,0,0,1,0,0,1,0,37.9
1,47.9,0,2,1,0,0,1,0,15.97
1,138.8,0,2,0,0,0,0,0,46.27
28,25.8,0,1,0,0,0,0,0,12.9
24,24.3,0,1,0,0,0,0,0,12.15
1,12.7,0,1,0,0,0,0,0,6.35
113,18.8,0,2,1,0,0,1,0,6.27
20,7.0,1,5,0,1,1,3,5,1.17
1,59.0,0,0,0,0,0,0,0,59.0
1,54.5,0,0,0,0,0,0,0,54.5
1,74.6,0,0,0,0,0,0,0,74.6
107,17.2,0,4,1,1,1,3,4,3.44
1,71.4,0,0,0,0,0,0,0,71.4
1,71.5,0,0,0,0,0,0,0,71.5
59,17.1,1,5,1,1,1,4,5,2.85
2,53.6,0,0,0,1,0,1,0,53.6
1,50.1,0,1,0,0,0,0,0,25.05
1,69.0,0,0,0,0,0,0,0,69.0
1,21.3,0,1,0,0,0,0,0,10.65
1,68.5,0,0,0,0,0,0,0,68.5
1,56.4,0,0,0,0,0,0,0,56.4
46,18.2,0,2,0,0,0,0,0,6.07
1,37.7,0,0,0,0,0,0,0,37.7
1,58.5,0,0,0,0,0,0,0,58.5
1,14.0,0,0,0,0,0,0,0,14.0
44,21.5,0,0,0,1,0,1,0,21.5
91,32.0,1,2,1,1,1,3,2,10.67
64,32.1,0,0,0,0,0,0,0,32.1
33,4.0,1,3,1,1,1,3,3,1.0
3,79.6,0,0,0,0,0,0,0,79.6
1,32.1,0,0,0,0,0,0,0,32.1
1,19.2,0,0,0,0,0,0,0,19.2
1,75.8,0,0,0,0,0,0,0,75.8
119,7.7,0,0,1,1,1,2,0,7.7
2,56.5,0,0,0,0,0,0,0,56.5
2,63.5,0,0,0,0,0,0,0,63.5
90,45.9,0,0,0,0,0,0,0,45.9
1,69.9,0,0,0,0,0,0,0,69.9
117,19.8,0,2,0,0,0,0,0,6.6
1,31.7,0,0,0,0,0,0,0,31.7
41,19.2,1,5,1,1,1,4,5,3.2
54,26.5,0,0,1,0,1,1,0,26.5
1,30.7,0,1,0,0,0,0,0,15.35
1,91.9,0,0,0,0,0,0,0,91.9
38,18.6,1,3,0,0,1,1,0,4.65
1,66.1,1,2,0,0,0,1,0,22.03
24,25.5,1,3,1,1,1,3,3,6.38
104,22.8,0,0,0,0,0,0,0,22.8
2,8.5,1,3,0,0,1,1,0,2.12
1,35.9,0,0,0,0,0,0,0,35.9
22,36.6,0,0,0,0,0,0,0,36.6
88,14.9,0,0,0,0,0,0,0,14.9
1,26.6,0,0,0,0,0,0,0,26.6
1,58.3,0,1,0,0,0,0,0,29.15
18,15.6,1,4,0,1,1,3,4,3.12
1,106.7,0,1,0,0,0,0,0,53.35
92,29.7,1,2,1,1,1,3,2,9.9
2,8.0,0,1,0,0,0,0,0,4.0
2,38.6,0,0,0,0,0,0,0,38.6
1,100.4,0,1,0,0,0,0,0,50.2
2,86.2,0,1,0,0,0,0,0,43.1
55,22.4,0,0,0,0,0,0,0,22.4
2,9.5,0,0,0,0,0,0,0,9.5
2,85.5,0,0,0,0,0,0,0,85.5
2,111.9,0,2,0,0,0,0,0,37.3
85,33.2,1,4,1,0,1,3,0,6.64
100,31.4,0,4,1,1,1,3,4,6.28
1,73.6,0,1,0,0,0,0,0,36.8
70,20.4,0,2,0,0,0,0,0,6.8
119,41.5,0,3,0,0,0,0,0,10.38
37,20.8,0,2,0,0,0,0,0,6.93
14,17.4,0,3,1,0,0,1,0,4.35
34,11.1,0,4,1,1,1,3,4,2.22
1,66.3,0,0,0,0,0,0,0,66.3
98,25.1,0,1,1,1,1,2,1,12.55
1,110.4,0,1,0,0,0,0,0,55.2
1,57.6,0,0,0,0,0,0,0,57.6
30,29.9,1,0,1,1,1,3,0,29.9
1,30.7,0,0,0,0,0,0,0,30.7
1,35.3,0,0,0,0,0,0,0,35.3
1,87.6,0,0,0,0,0,0,0,87.6
89,25.7,1,5,1,0,1,3,0,4.28
1,45.1,0,0,0,0,0,0,0,45.1
2,71.4,1,1,0,0,0,1,0,35.7
1,42.2,0,0,0,0,0,0,0,42.2
1,83.4,0,0,0,0,0,0,0,83.4
1,81.4,0,0,0,0,0,0,0,81.4
7,14.0,0,4,1,1,1,3,4,2.8
1,47.5,0,0,0,0,0,0,0,47.5
1,102.1,0,0,0,0,0,0,0,102.1
51,30.0,0,0,0,1,0,1,0,30.0
1,40.5,0,1,0,0,0,0,0,20.25
1,103.7,0,0,0,0,0,0,0,103.7
1,71.9,0,0,0,1,0,1,0,71.9
1,49.4,0,0,0,0,0,0,0,49.4
1,49.8,0,0,0,0,0,0,0,49.8
32,34.8,0,3,1,0,1,1,0,8.7
10,34.1,1,7,0,1,1,3,7,4.26
1,80.6,0,0,0,0,0,0,0,80.6
1,90.6,0,0,0,0,0,0,0,90.6
1,42.8,0,0,0,0,0,0,0,42.8
56,2.7,0,3,1,1,1,2,3,0.68
100,31.7,1,7,1,0,1,3,0,3.96
3,83.4,0,0,0,1,0,1,0,83.4
1,67.2,0,0,0,0,0,0,0,67.2
13,28.8,0,1,1,1,1,2,1,14.4
1,80.5,1,0,0,0,0,1,0,80.5
2,24.2,0,0,0,0,0,0,0,24.2
7,28.1,1,0,0,1,1,2,0,28.1
1,60.7,0,0,0,0,0,0,0,60.7
34,6.0,1,1,1,1,1,3,1,3.0
13,20.0,1,4,0,1,1,3,4,4.0
77,21.4,0,5,1,1,1,3,5,3.57
45,21.2,0,3,0,1,1,1,3,5.3
10,20.5,0,4,1,1,1,3,4,4.1
1,17.3,0,0,0,0,0,0,0,17.3
22,46.6,0,0,0,0,0,0,0,46.6
20,6.3,1,1,1,1,1,3,1,3.15
1,45.9,0,0,0,0,0,0,0,45.9
24,23.3,1,0,1,0,1,2,0,23.3
1,62.1,0,1,0,0,0,0,0,31.05
1,71.6,0,0,0,0,0,0,0,71.6
1,9.6,0,0,0,0,0,0,0,9.6
1,57.8,0,0,0,0,0,0,0,57.8
3,23.9,0,0,0,0,0,0,0,23.9
1,58.5,0,0,0,0,0,0,0,58.5
1,81.8,0,0,0,0,0,0,0,81.8
1,47.4,0,0,0,0,0,0,0,47.4
1,62.7,0,0,0,0,0,0,0,62.7
2,57.3,0,0,0,0,0,0,0,57.3
1,49.7,0,0,0,0,0,0,0,49.7
1,55.3,1,0,0,0,0,1,0,55.3
1,64.8,0,0,1,0,0,1,0,64.8
1,40.0,1,2,0,0,0,1,0,13.33
24,12.9,0,2,0,0,0,0,0,4.3
92,8.0,0,3,1,1,1,2,3,2.0
1,27.5,0,0,0,0,0,0,0,27.5
1,69.9,0,0,0,0,0,0,0,69.9
106,27.6,0,5,0,1,1,2,5,4.6
1,72.9,0,0,0,0,0,0,0,72.9
14,19.6,1,1,1,0,1,2,0,9.8
30,26.1,1,3,0,1,1,2,3,6.52
64,33.5,1,1,1,0,1,2,0,16.75
19,13.9,0,0,0,0,0,0,0,13.9
1,62.0,0,0,0,0,0,0,0,62.0
1,63.2,0,0,0,0,0,0,0,63.2
23,8.1,0,2,0,0,1,0,0,2.7
89,10.8,1,3,1,1,1,3,3,2.7
36,13.7,1,2,1,1,1,3,2,4.57
2,32.5,0,0,0,0,0,0,0,32.5
5,33.4,1,5,1,1,1,4,5,5.57
1,51.3,0,0,0,0,0,0,0,51.3
115,18.1,0,0,1,0,0,1,0,18.1
1,67.4,0,0,0,0,0,0,0,67.4
57,13.0,1,3,1,0,1,2,0,3.25
59,34.8,0,3,0,0,1,0,0,8.7
1,76.1,0,1,0,0,0,0,0,38.05
70,14.5,0,1,1,0,1,1,0,7.25
1,58.3,0,0,0,0,0,0,0,58.3
1,11.3,0,3,0,0,0,0,0,2.82
23,27.4,1,1,1,1,1,3,1,13.7
1,55.6,0,0,0,0,0,0,0,55.6
31,30.7,0,2,1,1,1,2,2,10.23
58,45.9,0,0,0,0,0,0,0,45.9
13,29.4,1,5,1,0,1,3,0,4.9
3,56.8,0,2,0,0,0,0,0,18.93
20,27.5,1,6,1,1,1,4,6,3.93
2,64.4,0,0,0,0,0,0,0,64.4
14,11.9,0,6,0,1,1,2,6,1.7
3,52.6,0,1,0,0,0,0,0,26.3
2,74.6,0,0,0,0,0,0,0,74.6
1,42.4,0,0,0,0,0,0,0,42.4
2,8.0,0,1,0,0,0,0,0,4.0
2,92.0,0,0,0,1,0,1,0,92.0
52,31.3,0,3,1,0,1,1,0,7.82
98,16.5,1,3,0,0,1,1,0,4.12
1,36.8,0,1,0,0,0,0,0,18.4
1,74.6,0,0,0,0,0,0,0,74.6
1,70.8,0,0,0,0,0,0,0,70.8
1,48.5,0,1,0,0,0,0,0,24.25
1,81.2,0,0,0,0,0,0,0,81.2
1,8.0,0,0,0,0,0,0,0,8.0
1,92.8,0,2,0,0,0,0,0,30.93
35,14.6,1,5,1,1,1,4,5,2.43
62,32.8,1,4,0,1,1,3,4,6.56
1,90.9,0,0,0,0,0,0,0,90.9
109,25.8,0,1,0,0,0,0,0,12.9
2,72.7,0,0,0,0,0,0,0,72.7
29,19.4,0,1,0,0,0,0,0,9.7
36,5.6,0,1,0,1,1,1,1,2.8
1,36.2,0,0,0,0,0,0,0,36.2
5,17.9,0,1,1,0,1,1,0,8.95
6,30.2,1,4,1,0,1,3,0,6.04
1,112.4,0,0,0,0,0,0,0,112.4
57,13.6,1,4,0,0,1,2,0,2.72
2,86.8,0,2,0,0,0,0,0,28.93
107,9.2,0,3,1,1,1,2,3,2.3
1,100.6,0,0,0,0,0,0,0,100.6
65,13.7,0,4,1,0,1,2,0,2.74
1,68.1,0,0,0,0,0,0,0,68.1
55,10.1,1,5,1,0,1,3,0,1.68
67,46.1,0,0,0,0,0,0,0,46.1
57,22.8,0,0,0,0,0,0,0,22.8
1,50.9,0,0,0,0,0,0,0,50.9
1,60.9,0,1,0,0,0,0,0,30.45
3,46.3,0,0,0,0,0,0,0,46.3
2,98.2,0,3,0,0,0,0,0,24.55
108,37.4,0,3,0,0,0,0,0,9.35
2,20.4,0,0,0,0,0,0,0,20.4
87,48.1,0,0,0,0,0,0,0,48.1
1,49.6,0,1,0,0,0,0,0,24.8
3,67.0,0,0,0,0,0,0,0,67.0
1,42.1,0,0,0,0,0,0,0,42.1
1,72.1,1,3,0,0,0,1,0,18.02
1,53.2,0,1,0,0,0,0,0,26.6
2,31.9,0,1,0,0,0,0,0,15.95
3,59.9,0,0,0,0,0,0,0,59.9
84,45.6,0,1,0,0,0,0,0,22.8
3,45.2,0,2,0,0,0,0,0,15.07
30,12.9,0,3,0,1,1,1,3,3.22
30,32.4,1,7,1,1,1,4,7,4.05
1,29.5,0,0,0,0,0,0,0,29.5
1,75.5,0,0,0,0,0,0,0,75.5
1,62.6,0,0,0,0,0,0,0,62.6
91,13.0,0,3,0,0,0,0,0,3.25
114,21.9,0,3,1,1,1,2,3,5.48
1,42.9,0,0,0,0,0,0,0,42.9
69,10.1,1,0,0,0,0,1,0,10.1
1,40.4,0,1,0,0,0,0,0,20.2
1,37.8,0,2,0,0,0,0,0,12.6
59,20.2,0,2,1,1,1,2,2,6.73
80,28.2,0,0,1,0,1,1,0,28.2
1,43.6,0,0,0,0,0,0,0,43.6
2,47.8,0,0,0,0,0,0,0,47.8
103,15.8,0,0,0,0,0,0,0,15.8
1,76.7,0,0,0,0,0,0,0,76.7
2,85.7,0,0,0,0,0,0,0,85.7
1,60.2,0,1,0,1,0,1,1,30.1
69,12.8,0,0,0,0,0,0,0,12.8
1,65.6,0,0,0,0,0,0,0,65.6
1,78.4,0,3,0,0,0,0,0,19.6
74,20.4,0,3,1,0,1,1,0,5.1
53,28.3,0,2,0,0,0,0,0,9.43
1,8.4,0,0,0,0,0,0,0,8.4
1,40.7,0,0,0,0,0,0,0,40.7
87,34.3,1,3,1,1,1,3,3,8.57
111,12.8,1,4,1,1,1,4,4,2.56
2,51.1,0,1,1,0,0,1,0,25.55
13,10.9,0,0,0,0,0,0,0,10.9
3,28.3,0,1,0,0,0,0,0,14.15
3,111.7,0,0,0,1,0,1,0,111.7
112,26.9,0,1,0,0,0,0,0,13.45
98,5.7,0,3,0,0,1,0,0,1.42
1,33.6,0,1,0,0,0,0,0,16.8
27,39.0,0,2,0,0,0,0,0,13.0
1,71.7,0,0,0,0,0,0,0,71.7
1,47.8,0,1,0,0,0,0,0,23.9
104,24.1,1,3,1,0,1,2,0,6.02
86,49.9,0,2,0,0,0,0,0,16.63
1,8.0,0,0,0,0,0,0,0,8.0
1,72.6,0,2,0,0,0,0,0,24.2
1,42.4,0,1,0,0,0,0,0,21.2
100,18.0,1,4,1,0,1,3,0,3.6
1,73.8,1,3,0,0,0,1,0,18.45
85,32.9,0,1,0,0,0,0,0,16.45
1,50.2,0,0,0,0,0,0,0,50.2
1,70.2,0,0,0,0,0,0,0,70.2
116,12.6,1,4,1,1,1,4,4,2.52
2,67.2,0,0,0,0,0,0,0,67.2
19,20.4,0,3,0,1,1,1,3,5.1
1,51.5,0,0,0,0,0,0,0,51.5
78,19.0,0,4,1,1,1,3,4,3.8
103,35.4,0,0,0,0,0,0,0,35.4
1,103.7,0,1,0,0,0,0,0,51.85
1,64.5,0,1,0,0,0,0,0,32.25
1,43.3,0,0,0,0,0,0,0,43.3
2,89.5,0,3,0,0,0,0,0,22.38
1,72.0,0,0,0,0,0,0,0,72.0
74,31.8,1,7,0,1,1,3,7,3.98
1,72.9,0,0,0,0,0,0,0,72.9
64,11.7,1,0,1,0,1,2,0,11.7
58,24.6,1,6,0,1,1,3,6,3.51
3,32.7,0,1,0,0,0,0,0,16.35
1,89.5,0,0,0,0,0,0,0,89.5
1,67.7,0,0,0,0,0,0,0,67.7
1,60.4,0,0,0,0,0,0,0,60.4
1,69.8,0,0,0,0,0,0,0,69.8
1,78.2,0,1,0,0,0,0,0,39.1
1,46.6,1,0,0,0,0,1,0,46.6
1,54.3,0,0,0,0,0,0,0,54.3
118,24.3,1,3,1,1,1,3,3,6.08
51,16.2,0,2,0,1,1,1,2,5.4
1,50.3,0,0,0,0,0,0,0,50.3
1,24.4,0,0,0,0,0,0,0,24.4
3,74.3,1,0,0,0,0,1,0,74.3
1,27.7,0,0,0,0,0,0,0,27.7
36,26.2,0,0,0,0,0,0,0,26.2
1,56.3,0,0,0,0,0,0,0,56.3
2,54.9,0,1,0,0,0,0,0,27.45
2,32.0,0,1,0,0,0,0,0,16.0
108,23.4,0,2,0,0,1,0,0,7.8
1,60.4,1,0,0,0,0,1,0,60.4
59,20.5,0,7,1,1,1,3,7,2.56
3,83.2,0,0,0,0,0,0,0,83.2
2,85.3,0,0,0,0,0,0,0,85.3
1,88.8,0,0,0,1,0,1,0,88.8
1,92.0,0,0,1,0,0,1,0,92.0
1,71.3,0,2,0,0,0,0,0,23.77
78,11.7,0,6,1,0,1,2,0,1.67
112,8.4,0,5,1,1,1,3,5,1.4
1,79.7,0,1,0,0,0,0,0,39.85
59,47.9,0,1,0,0,0,0,0,23.95
97,42.1,0,0,0,0,0,0,0,42.1
2,41.4,0,0,0,0,0,0,0,41.4
11,17.1,1,4,0,1,1,3,4,3.42
45,21.6,0,5,1,1,1,3,5,3.6
100,15.9,0,1,0,0,0,0,0,7.95
1,81.5,0,2,1,0,0,1,0,27.17
1,87.1,0,1,0,0,0,0,0,43.55
2,30.6,0,0,0,0,0,0,0,30.6
44,6.4,0,3,1,0,1,1,0,1.6
15,18.2,1,6,1,0,1,3,0,2.6
1,10.8,0,0,0,0,0,0,0,10.8
1,89.7,0,0,0,0,0,0,0,89.7
99,7.1,1,2,0,1,1,2,2,2.37
1,56.5,0,0,0,0,0,0,0,56.5
87,41.5,0,0,0,0,0,0,0,41.5
1,70.8,0,0,0,0,0,0,0,70.8
46,15.5,1,1,0,0,0,1,0,7.75
1,77.8,0,0,0,0,0,0,0,77.8
71,12.4,0,0,0,0,0,0,0,12.4
1,38.4,1,1,0,0,0,1,0,19.2
1,72.1,1,0,1,0,0,2,0,72.1
71,12.6,1,0,0,0,0,1,0,12.6
2,46.3,0,0,0,0,0,0,0,46.3
1,63.4,0,0,0,0,0,0,0,63.4
39,15.0,0,2,1,0,1,1,0,5.0
1,23.8,0,0,0,0,0,0,0,23.8
1,85.7,0,0,0,0,0,0,0,85.7
65,31.5,0,0,0,0,0,0,0,31.5
3,96.7,0,0,0,0,0,0,0,96.7
85,28.3,0,0,0,0,0,0,0,28.3
1,71.0,1,0,0,0,0,1,0,71.0
1,51.7,0,1,0,0,0,0,0,25.85
108,34.4,1,4,1,0,1,3,0,6.88
3,55.6,0,0,0,0,0,0,0,55.6
1,43.0,0,1,0,0,0,0,0,21.5
73,2.8,1,4,0,0,1,2,0,0.56
1,25.7,0,0,0,0,0,0,0,25.7
111,6.5,1,3,1,0,1,2,0,1.62
1,25.2,0,0,0,0,0,0,0,25.2
41,21.9,1,4,1,1,1,4,4,4.38
1,67.8,0,1,0,0,0,0,0,33.9
40,25.9,0,3,0,0,0,0,0,6.48
85,28.1,1,4,1,1,1,4,4,5.62
1,19.3,0,0,0,0,0,0,0,19.3
1,86.5,1,2,0,1,0,2,2,28.83
1,82.3,0,0,0,0,0,0,0,82.3
55,14.2,1,1,0,0,1,1,0,7.1
116,17.1,1,7,0,1,1,3,7,2.14
51,9.9,1,2,1,0,1,2,0,3.3
1,67.4,0,0,0,0,0,0,0,67.4
93,14.3,1,4,1,0,1,3,0,2.86
1,27.1,0,0,0,0,0,0,0,27.1
3,42.7,0,0,0,0,0,0,0,42.7
1,48.0,0,0,0,0,0,0,0,48.0
2,47.3,0,0,0,0,0,0,0,47.3
1,33.8,0,0,0,0,0,0,0,33.8
52,33.0,1,3,1,1,1,3,3,8.25
1,46.3,0,0,0,0,0,0,0,46.3
1,8.0,0,3,0,1,0,1,3,2.0
1,42.7,0,2,0,0,0,0,0,14.23
1,59.6,0,0,0,0,0,0,0,59.6
1,96.3,0,0,0,1,0,1,0,96.3
44,14.2,0,0,0,0,0,0,0,14.2
1,72.8,0,0,0,0,0,0,0,72.8
119,26.6,0,1,1,0,0,1,0,13.3
94,22.0,1,1,0,1,1,2,1,11.0
3,75.6,0,1,0,1,0,1,1,37.8
3,76.4,0,0,0,0,0,0,0,76.4
1,60.0,0,0,0,0,0,0,0,60.0
2,29.6,0,0,0,0,0,0,0,29.6
1,88.4,0,0,0,0,0,0,0,88.4
1,45.3,1,0,0,0,0,1,0,45.3
1,90.9,0,0,0,0,0,0,0,90.9
1,66.7,0,2,0,0,0,0,0,22.23
1,48.7,0,1,0,0,0,0,0,24.35
1,81.5,0,0,0,0,0,0,0,81.5
86,10.6,1,1,1,1,1,3,1,5.3
1,88.5,0,0,0,0,0,0,0,88.5
68,29.1,0,1,0,0,0,0,0,14.55
30,33.7,0,0,1,0,1,1,0,33.7
1,37.0,0,1,0,0,0,0,0,18.5
1,52.4,0,0,0,0,0,0,0,52.4
85,21.9,0,3,1,1,1,2,3,5.48
110,9.8,1,5,1,1,1,4,5,1.63
3,70.0,1,0,0,0,0,1,0,70.0
47,23.8,0,4,0,1,1,2,4,4.76
1,52.0,0,1,0,0,0,0,0,26.0
2,37.8,0,1,0,0,0,0,0,18.9
25,7.3,1,4,1,1,1,4,4,1.46
16,23.4,1,2,0,1,1,2,2,7.8
9,31.1,1,4,1,0,1,3,0,6.22
2,22.5,0,0,0,0,0,0,0,22.5
1,85.1,0,0,1,0,0,1,0,85.1
1,83.2,0,0,0,0,0,0,0,83.2
5,28.2,0,2,1,0,1,1,0,9.4
77,32.7,1,3,1,0,1,2,0,8.18
48,27.8,0,3,0,0,0,0,0,6.95
3,64.9,0,0,0,0,0,0,0,64.9
1,48.5,0,0,0,0,0,0,0,48.5
2,13.3,1,1,0,0,0,1,0,6.65
76,46.2,0,0,0,0,0,0,0,46.2
4,15.6,0,1,0,0,0,0,0,7.8
1,37.6,0,0,0,0,0,0,0,37.6
48,16.9,1,7,1,0,1,3,0,2.11
101,24.8,1,4,0,0,1,2,0,4.96
92,33.0,0,1,1,1,1,2,1,16.5
111,47.5,0,3,0,0,0,0,0,11.88
1,25.6,0,0,0,0,0,0,0,25.6
1,27.7,0,2,0,0,0,0,0,9.23
1,74.3,0,0,0,0,0,0,0,74.3
1,85.9,0,3,0,0,0,0,0,21.48
2,77.1,0,1,0,0,0,0,0,38.55
1,67.9,0,0,0,0,0,0,0,67.9
1,28.6,0,0,0,0,0,0,0,28.6
24,28.2,1,3,1,0,1,2,0,7.05
1,74.2,0,0,0,0,0,0,0,74.2
3,62.5,0,0,0,0,0,0,0,62.5
1,21.4,0,0,0,0,0,0,0,21.4
54,11.7,1,5,1,0,1,3,0,1.95
4,12.0,0,0,0,0,0,0,0,12.0
73,23.4,0,2,1,1,1,2,2,7.8
118,27.1,1,5,1,1,1,4,5,4.52
75,25.8,1,2,1,1,1,3,2,8.6
1,52.0,0,1,0,0,0,0,0,26.0
2,30.3,0,0,0,0,0,0,0,30.3
2,68.1,0,1,0,0,0,0,0,34.05
1,39.9,0,1,0,0,0,0,0,19.95
2,64.6,0,1,0,0,0,0,0,32.3
1,114.2,1,3,0,0,0,1,0,28.55
1,60.9,0,0,0,0,0,0,0,60.9
1,93.8,0,2,0,0,0,0,0,31.27
86,10.6,0,5,1,0,1,2,0,1.77
119,29.2,1,4,0,1,1,3,4,5.84
1,78.9,0,0,0,0,0,0,0,78.9
1,30.5,0,1,0,0,0,0,0,15.25
1,127.3,0,0,0,0,0,0,0,127.3
6,4.6,1,3,1,0,1,2,0,1.15
53,38.0,0,1,0,0,0,0,0,19.0
2,101.9,1,0,0,0,0,1,0,101.9
91,13.8,1,4,1,1,1,4,4,2.76
1,56.6,0,1,0,0,0,0,0,28.3
38,8.7,1,3,1,1,1,3,3,2.17
2,69.7,0,0,0,0,0,0,0,69.7
3,54.6,0,0,0,0,0,0,0,54.6
112,20.7,1,5,1,0,1,3,0,3.45
89,14.4,1,3,0,1,1,2,3,3.6
6,8.1,0,4,1,0,1,2,0,1.62
60,12.8,1,1,0,1,1,2,1,6.4
48,25.7,1,1,1,0,1,2,0,12.85
108,16.8,1,2,1,1,1,3,2,5.6
2,54.5,0,3,0,0,0,0,0,13.62
68,6.7,0,2,1,1,1,2,2,2.23
1,14.9,0,0,0,0,0,0,0,14.9
114,20.5,1,3,1,1,1,3,3,5.12
104,16.7,0,1,1,0,1,1,0,8.35
1,56.2,0,1,0,0,0,0,0,28.1
1,86.0,0,0,1,0,0,1,0,86.0
25,31.8,0,3,0,1,0,1,3,7.95
17,28.0,0,1,1,0,0,1,0,14.0
1,58.6,0,0,0,0,0,0,0,58.6
92,39.7,0,0,0,0,0,0,0,39.7
32,14.1,1,2,0,1,1,2,2,4.7
13,6.8,1,1,1,0,1,2,0,3.4
2,28.5,0,0,0,0,0,0,0,28.5
89,15.0,0,0,0,0,0,0,0,15.0
1,66.9,0,0,0,1,0,1,0,66.9
106,33.3,0,3,1,1,1,2,3,8.32
1,28.9,0,0,0,0,0,0,0,28.9
1,53.6,0,1,0,1,0,1,1,26.8
45,2.7,1,1,0,0,1,1,0,1.35
1,52.9,0,0,0,0,0,0,0,52.9
3,34.3,1,5,1,1,1,4,5,5.72
92,4.0,1,1,1,0,1,2,0,2.0
109,32.4,1,3,1,0,1,2,0,8.1
4,27.5,0,0,0,0,0,0,0,27.5
42,33.1,0,0,0,0,0,0,0,33.1
1,74.9,0,0,0,0,0,0,0,74.9
97,26.2,1,3,1,1,1,3,3,6.55
1,62.1,0,0,0,1,0,1,0,62.1
1,105.0,0,0,0,0,0,0,0,105.0
1,64.5,0,2,0,0,0,0,0,21.5
3,17.9,0,1,0,0,0,0,0,8.95
1,8.0,0,0,0,0,0,0,0,8.0
2,96.3,0,0,0,0,0,0,0,96.3
1,49.5,0,2,0,0,0,0,0,16.5
83,9.7,1,1,0,1,1,2,1,4.85
43,10.6,0,3,0,0,0,0,0,2.65
1,24.9,0,0,0,0,0,0,0,24.9
93,10.4,1,3,1,0,1,2,0,2.6
1,106.4,0,0,0,0,0,0,0,106.4
1,68.0,0,0,0,0,0,0,0,68.0
1,119.7,0,0,0,0,0,0,0,119.7
111,48.9,0,0,0,0,0,0,0,48.9
1,51.7,0,0,0,0,0,0,0,51.7
1,58.4,0,0,0,1,0,1,0,58.4
2,88.0,0,0,0,0,0,0,0,88.0
17,34.4,0,6,1,0,1,2,0,4.91
1,78.2,0,1,0,0,0,0,0,39.1
34,22.0,1,3,1,0,1,2,0,5.5
1,32.1,0,1,0,0,0,0,0,16.05
1,22.6,0,1,0,0,0,0,0,11.3
30,48.0,0,0,0,0,0,0,0,48.0
1,91.5,0,0,0,0,0,0,0,91.5
56,19.2,0,6,1,1,1,3,6,2.74
2,84.3,0,0,0,0,0,0,0,84.3
72,13.7,0,1,0,0,0,0,0,6.85
1,36.1,0,0,0,0,0,0,0,36.1
3,54.7,1,0,0,0,0,1,0,54.7
1,40.5,0,0,0,0,0,0,0,40.5
1,101.2,0,0,0,0,0,0,0,101.2
1,95.6,0,0,0,0,0,0,0,95.6
1,73.8,0,1,0,0,0,0,0,36.9
54,19.6,1,2,1,1,1,3,2,6.53
1,44.8,0,0,0,0,0,0,0,44.8
46,49.9,0,1,0,0,0,0,0,24.95
1,40.7,0,0,0,0,0,0,0,40.7
1,32.6,0,0,0,0,0,0,0,32.6
1,73.4,0,1,0,0,0,0,0,36.7
1,47.1,0,0,0,0,0,0,0,47.1
1,51.6,0,0,0,0,0,0,0,51.6
83,5.5,1,3,1,1,1,3,3,1.38
52,15.5,0,2,1,0,1,1,0,5.17
4,81.4,0,0,0,1,0,1,0,81.4
1,82.0,1,2,0,0,0,1,0,27.33
95,8.8,1,5,0,0,1,2,0,1.47
55,16.9,0,1,0,1,0,1,1,8.45
4,49.9,0,1,0,0,0,0,0,24.95
3,44.6,0,0,0,0,0,0,0,44.6
26,19.9,1,0,1,1,1,3,0,19.9
1,28.1,0,0,0,0,0,0,0,28.1
1,62.1,0,1,0,0,0,0,0,31.05
1,60.5,0,1,0,0,0,0,0,30.25
80,19.4,0,2,1,1,1,2,2,6.47
2,60.9,0,2,0,0,0,0,0,20.3
1,106.2,1,0,0,0,0,1,0,106.2
3,35.2,0,0,0,0,0,0,0,35.2
30,34.0,1,0,1,1,1,3,0,34.0
2,8.0,0,0,0,0,0,0,0,8.0
1,71.8,0,0,0,0,0,0,0,71.8
1,69.2,1,0,0,0,0,1,0,69.2
54,17.7,0,4,1,0,0,2,0,3.54
56,39.6,0,0,0,0,0,0,0,39.6
90,2.4,0,7,1,1,1,3,7,0.3
1,48.9,0,0,0,0,0,0,0,48.9
81,28.4,1,3,0,1,1,2,3,7.1
1,14.0,0,1,0,0,0,0,0,7.0
4,15.7,0,0,0,0,0,0,0,15.7
1,29.9,0,0,0,0,0,0,0,29.9
1,69.9,0,0,0,0,0,0,0,69.9
2,35.9,0,1,0,0,0,0,0,17.95
3,47.5,1,0,0,0,0,1,0,47.5
19,26.9,1,0,0,1,1,2,0,26.9
1,39.7,0,2,0,0,0,0,0,13.23
1,28.9,0,2,0,0,0,0,0,9.63
2,52.9,0,0,0,0,0,0,0,52.9
1,46.1,0,0,0,0,0,0,0,46.1
2,78.3,0,0,0,0,0,0,0,78.3
2,77.6,0,0,0,0,0,0,0,77.6
42,7.2,0,5,1,0,1,2,0,1.2
55,33.6,1,2,1,1,1,3,2,11.2
1,53.2,0,1,0,0,0,0,0,26.6
22,27.0,0,2,1,0,1,1,0,9.0
1,78.6,0,0,0,0,0,0,0,78.6
1,72.6,0,1,0,1,0,1,1,36.3
54,42.0,0,1,0,0,0,0,0,21.0
1,61.0,0,0,0,1,0,1,0,61.0
55,29.2,1,2,0,1,1,2,2,9.73
1,38.8,0,1,0,0,0,0,0,19.4
19,34.7,0,0,1,0,1,1,0,34.7
70,37.7,0,0,1,0,0,1,0,37.7
1,66.0,0,0,0,0,0,0,0,66.0
1,81.2,0,2,0,0,0,0,0,27.07
26,15.6,0,0,0,0,0,0,0,15.6
1,44.1,0,2,0,0,0,0,0,14.7
91,10.5,1,1,0,0,1,1,0,5.25
2,49.4,0,1,0,1,0,1,1,24.7
68,20.8,1,1,0,1,0,2,1,10.4
1,54.6,0,0,0,0,0,0,0,54.6
2,85.5,1,0,0,0,0,1,0,85.5
2,61.2,0,0,0,1,0,1,0,61.2
1,31.8,0,1,0,0,0,0,0,15.9
1,48.4,0,1,0,0,0,0,0,24.2
50,17.4,0,2,0,1,0,1,2,5.8
1,57.4,0,1,0,0,0,0,0,28.7
92,24.5,1,2,1,1,1,3,2,8.17
63,7.1,0,2,1,1,1,2,2,2.37
4,61.1,0,0,0,0,0,0,0,61.1
62,15.5,1,0,1,1,1,3,0,15.5
1,12.3,0,2,0,0,0,0,0,4.1
1,29.9,0,0,0,0,0,0,0,29.9
1,48.2,0,1,0,1,0,1,1,24.1
19,26.1,1,5,1,0,1,3,0,4.35
39,3.7,0,5,1,1,1,3,5,0.62
4,27.3,0,1,0,0,0,0,0,13.65
10,12.6,0,5,0,1,1,2,5,2.1
87,18.8,0,1,0,1,0,1,1,9.4
2,71.6,0,0,0,0,0,0,0,71.6
1,90.1,0,0,0,1,0,1,0,90.1
100,30.4,0,2,1,1,1,2,2,10.13
2,29.1,0,0,0,0,0,0,0,29.1
1,30.5,0,0,0,0,0,0,0,30.5
96,49.9,0,0,0,0,0,0,0,49.9
1,67.4,0,0,0,0,0,0,0,67.4
1,60.4,0,0,0,0,0,0,0,60.4
45,28.7,0,0,0,0,0,0,0,28.7
25,18.9,0,3,1,0,1,1,0,4.72
100,3.6,1,7,0,1,1,3,7,0.45
33,24.7,0,2,0,0,0,0,0,8.23
1,81.8,0,0,0,0,0,0,0,81.8
27,23.6,0,6,1,1,1,3,6,3.37
7,32.8,1,4,1,1,1,4,4,6.56
1,40.6,0,0,0,0,0,0,0,40.6
2,72.0,0,0,0,0,0,0,0,72.0
1,92.6,0,0,0,0,0,0,0,92.6
1,68.7,0,0,0,0,0,0,0,68.7
1,36.3,0,1,0,0,0,0,0,18.15
16,26.9,1,1,1,0,1,2,0,13.45
72,11.8,0,0,0,0,0,0,0,11.8
57,33.6,1,1,1,1,1,3,1,16.8
116,26.4,1,2,0,1,1,2,2,8.8
72,28.5,0,1,0,0,1,0,0,14.25
1,16.4,0,0,0,0,0,0,0,16.4
95,14.2,0,0,0,0,0,0,0,14.2
11,49.4,0,0,0,0,0,0,0,49.4
80,28.6,1,4,1,1,1,4,4,5.72
92,49.1,0,0,0,0,0,0,0,49.1
102,15.5,1,5,1,0,1,3,0,2.58
69,29.1,0,0,0,0,0,0,0,29.1
1,84.7,0,2,0,0,0,0,0,28.23
3,53.3,0,0,0,0,0,0,0,53.3
1,35.1,0,0,0,0,0,0,0,35.1
112,17.9,1,4,0,1,1,3,4,3.58
2,45.5,0,1,0,0,0,0,0,22.75
1,78.9,0,2,1,0,0,1,0,26.3
1,60.6,0,0,0,0,0,0,0,60.6
2,72.2,0,0,0,0,0,0,0,72.2
1,72.4,0,0,0,0,0,0,0,72.4
2,94.1,0,0,0,0,0,0,0,94.1
2,58.9,0,0,0,0,0,0,0,58.9
1,78.3,0,0,0,0,0,0,0,78.3
74,26.6,0,2,0,0,0,0,0,8.87
1,55.6,0,0,0,0,0,0,0,55.6
117,11.6,0,0,0,0,0,0,0,11.6
2,27.7,0,0,0,0,0,0,0,27.7
52,20.6,1,1,1,0,1,2,0,10.3
66,5.5,0,4,1,1,1,3,4,1.1
1,77.5,0,3,0,0,0,0,0,19.38
41,28.2,1,1,1,0,1,2,0,14.1
1,54.9,0,1,0,0,0,0,0,27.45
1,65.4,0,0,0,0,0,0,0,65.4
95,16.6,0,0,0,0,0,0,0,16.6
1,81.5,0,0,0,0,0,0,0,81.5
13,26.5,1,3,0,1,1,2,3,6.62
1,70.9,1,0,0,0,0,1,0,70.9
81,16.0,1,3,1,1,1,3,3,4.0
1,25.7,0,3,0,0,0,0,0,6.42
96,8.0,1,1,1,0,1,2,0,4.0
95,8.1,0,1,0,1,1,1,1,4.05
1,44.0,0,0,0,0,0,0,0,44.0
1,54.1,0,0,0,0,0,0,0,54.1
2,14.5,0,0,0,0,0,0,0,14.5
55,32.2,1,5,1,0,1,3,0,5.37
1,39.9,0,0,0,0,0,0,0,39.9
3,11.1,0,0,0,0,0,0,0,11.1
79,14.7,0,3,1,1,1,2,3,3.68
3,24.1,1,0,0,0,0,1,0,24.1
11,16.9,1,5,0,1,1,3,5,2.82
23,18.5,0,3,0,0,0,0,0,4.62
78,9.2,1,4,1,0,1,3,0,1.84
3,78.0,0,0,0,1,0,1,0,78.0
1,76.4,0,1,0,1,0,1,1,38.2
1,58.2,1,0,0,0,0,1,0,58.2
1,81.1,0,0,0,0,0,0,0,81.1
1,63.6,1,0,0,0,0,1,0,63.6
1,102.8,0,0,0,0,0,0,0,102.8
1,55.8,0,0,0,0,0,0,0,55.8
1,102.6,0,0,0,0,0,0,0,102.6
81,14.0,1,5,1,0,1,3,0,2.33
2,59.7,0,0,0,0,0,0,0,59.7
13,24.1,0,0,0,0,0,0,0,24.1
98,15.2,1,4,1,1,1,4,4,3.04
10,18.1,0,3,0,1,1,1,3,4.53
92,31.4,1,2,1,1,1,3,2,10.47
103,28.6,0,5,1,1,1,3,5,4.77
3,20.4,0,0,1,1,1,2,0,20.4
1,51.8,0,0,0,0,0,0,0,51.8
102,35.2,0,0,0,0,0,0,0,35.2
1,87.3,0,0,0,0,0,0,0,87.3
1,60.1,0,0,0,0,0,0,0,60.1
1,26.3,0,2,0,0,0,0,0,8.77
65,25.4,1,3,1,0,1,2,0,6.35
1,47.9,0,0,0,0,0,0,0,47.9
1,49.7,0,0,0,0,0,0,0,49.7
89,34.0,0,3,0,0,0,0,0,8.5
73,30.0,0,2,1,0,1,1,0,10.0
1,29.1,0,0,0,0,0,0,0,29.1
1,62.9,0,1,0,1,0,1,1,31.45
104,31.2,0,2,0,1,0,1,2,10.4
1,63.2,0,1,0,0,0,0,0,31.6
3,38.8,0,0,0,0,0,0,0,38.8
4,31.9,0,4,1,0,1,2,0,6.38
52,23.1,0,1,0,0,0,0,0,11.55
1,68.7,0,1,0,0,0,0,0,34.35
1,96.3,0,0,0,0,0,0,0,96.3
43,12.8,0,0,1,1,1,2,0,12.8
97,33.8,0,1,1,0,0,1,0,16.9
1,44.3,0,0,0,0,0,0,0,44.3
89,17.6,0,1,1,1,1,2,1,8.8
1,33.1,0,0,0,0,0,0,0,33.1
3,65.3,0,3,0,0,0,0,0,16.32
75,34.8,1,1,0,0,1,1,0,17.4
1,39.5,1,0,0,0,0,1,0,39.5
118,29.3,0,4,1,1,1,3,4,5.86
1,67.4,0,1,0,0,0,0,0,33.7
119,24.1,1,6,0,0,1,2,0,3.44
6,14.9,1,2,1,1,1,3,2,4.97
1,33.9,0,0,0,0,0,0,0,33.9
115,47.0,0,0,0,0,0,0,0,47.0
80,10.8,1,0,0,1,1,2,0,10.8
88,23.4,1,3,1,1,1,3,3,5.85
1,57.7,0,0,0,0,0,0,0,57.7
54,9.0,1,5,0,1,1,3,5,1.5
99,2.0,1,4,1,1,1,4,4,0.4
1,67.4,0,2,0,0,0,0,0,22.47
1,101.7,0,1,0,1,0,1,1,50.85
2,79.6,0,1,0,0,0,0,0,39.8
1,62.0,0,1,0,0,0,0,0,31.0
1,63.6,0,0,0,1,0,1,0,63.6
1,91.4,0,0,0,0,0,0,0,91.4
64,7.6,0,0,0,1,1,1,0,7.6
3,46.0,0,0,0,0,0,0,0,46.0
1,67.0,0,0,0,0,0,0,0,67.0
20,49.1,0,1,1,0,0,1,0,24.55
3,42.1,0,0,0,0,0,0,0,42.1
1,47.2,0,0,0,0,0,0,0,47.2
2,96.2,0,0,0,0,0,0,0,96.2
1,70.4,0,3,0,0,0,0,0,17.6
1,68.0,0,0,0,0,0,0,0,68.0
1,85.6,0,0,0,0,0,0,0,85.6
111,30.9,0,6,1,1,1,3,6,4.41
82,17.8,0,2,1,0,0,1,0,5.93
1,87.4,0,0,0,0,0,0,0,87.4
70,20.8,0,1,1,1,1,2,1,10.4
44,47.8,0,0,0,0,0,0,0,47.8
1,33.9,0,0,0,0,0,0,0,33.9
2,58.6,0,0,0,0,0,0,0,58.6
46,34.3,0,3,0,0,0,0,0,8.57
45,20.6,0,0,0,0,0,0,0,20.6
1,45.4,0,1,0,0,0,0,0,22.7
77,47.1,0,1,1,0,0,1,0,23.55
75,31.2,0,0,1,1,1,2,0,31.2
1,61.4,1,1,0,0,0,1,0,30.7
119,11.1,0,0,0,0,0,0,0,11.1
70,40.1,0,0,1,0,0,1,0,40.1
2,56.8,0,0,0,1,0,1,0,56.8
1,53.9,0,1,0,0,0,0,0,26.95
1,72.7,0,0,0,0,0,0,0,72.7
51,17.7,0,0,0,0,0,0,0,17.7
2,33.5,1,4,0,1,1,3,4,6.7
1,133.7,0,2,0,0,0,0,0,44.57
70,35.5,0,0,0,0,0,0,0,35.5
52,21.7,1,4,1,1,1,4,4,4.34
3,53.5,0,0,0,1,0,1,0,53.5
1,54.7,0,1,0,0,0,0,0,27.35
1,64.7,0,0,0,0,0,0,0,64.7
2,64.6,0,1,0,0,0,0,0,32.3
1,27.7,0,0,1,0,0,1,0,27.7
72,10.1,0,3,0,0,0,0,0,2.52
93,34.7,1,1,1,1,1,3,1,17.35
46,7.1,1,3,1,1,1,3,3,1.78
1,50.7,0,0,0,0,0,0,0,50.7
1,77.0,0,0,0,0,0,0,0,77.0
105,36.3,0,1,0,0,0,0,0,18.15
1,48.3,0,0,0,0,0,0,0,48.3
1,45.6,0,0,0,0,0,0,0,45.6
1,25.8,0,0,0,0,0,0,0,25.8
1,86.8,0,0,1,0,0,1,0,86.8
1,62.1,0,3,0,0,0,0,0,15.52
56,20.6,1,1,0,1,1,2,1,10.3
55,26.3,0,0,0,0,0,0,0,26.3
1,97.4,0,0,0,0,0,0,0,97.4
1,95.5,0,1,0,0,0,0,0,47.75
22,32.7,0,1,0,1,0,1,1,16.35
2,69.0,0,0,0,0,0,0,0,69.0
4,73.4,0,0,0,0,0,0,0,73.4
104,3.6,1,1,0,0,1,1,0,1.8
1,68.6,0,0,0,0,0,0,0,68.6
60,39.3,0,0,0,0,0,0,0,39.3
1,53.6,0,0,0,0,0,0,0,53.6
2,58.5,0,0,0,0,0,0,0,58.5
66,9.9,1,6,1,0,1,3,0,1.41
1,38.4,0,1,0,0,0,0,0,19.2
117,37.4,0,1,0,0,0,0,0,18.7
1,91.3,0,1,0,0,0,0,0,45.65
2,41.0,0,1,0,0,0,0,0,20.5
1,62.0,0,0,0,0,0,0,0,62.0
1,97.4,0,0,0,0,0,0,0,97.4
86,12.1,0,1,0,0,0,0,0,6.05
105,43.6,0,3,0,0,0,0,0,10.9
1,104.0,0,0,0,1,0,1,0,104.0
1,80.8,0,1,0,0,0,0,0,40.4
1,48.0,0,0,0,1,0,1,0,48.0
1,68.2,0,3,0,0,0,0,0,17.05
70,38.3,0,2,0,0,0,0,0,12.77
3,31.7,0,0,0,0,0,0,0,31.7
1,64.4,0,0,0,0,0,0,0,64.4
3,63.5,0,0,0,0,0,0,0,63.5
24,30.4,0,0,0,0,0,0,0,30.4
115,25.4,1,6,1,0,1,3,0,3.63
1,62.1,0,0,0,0,0,0,0,62.1
1,33.6,0,0,0,1,0,1,0,33.6
1,26.1,0,0,0,0,0,0,0,26.1
1,76.2,0,0,1,0,0,1,0,76.2
14,33.4,0,2,1,0,1,1,0,11.13
1,38.1,0,0,0,0,0,0,0,38.1
3,108.6,0,1,0,0,0,0,0,54.3
1,59.1,0,0,0,0,0,0,0,59.1
21,26.9,1,0,1,0,0,2,0,26.9
21,48.5,0,1,0,0,0,0,0,24.25
1,12.8,1,0,0,0,0,1,0,12.8
1,47.9,0,3,0,0,0,0,0,11.98
1,77.1,0,0,0,0,0,0,0,77.1
109,23.4,0,2,1,1,1,2,2,7.8
53,12.5,1,2,0,0,1,1,0,4.17
52,16.5,1,4,0,1,1,3,4,3.3
1,38.3,0,2,0,0,0,0,0,12.77
41,37.4,0,0,0,0,0,0,0,37.4
1,24.8,0,0,0,0,0,0,0,24.8
68,31.2,1,5,1,0,1,3,0,5.2
43,23.1,1,3,1,1,1,3,3,5.78
1,50.7,0,2,0,0,0,0,0,16.9
50,29.2,0,4,1,1,1,3,4,5.84
3,80.7,0,0,0,0,0,0,0,80.7
99,10.6,1,0,0,1,1,2,0,10.6
32,13.0,1,3,0,1,1,2,3,3.25
1,35.9,0,0,0,0,0,0,0,35.9
31,21.9,1,5,1,1,1,4,5,3.65
1,10.9,0,0,0,0,0,0,0,10.9
1,74.2,0,2,0,0,0,0,0,24.73
71,23.2,0,3,0,0,0,0,0,5.8
115,15.5,0,5,1,1,1,3,5,2.58
58,29.3,0,1,0,1,0,1,1,14.65
46,27.1,1,2,1,1,1,3,2,9.03
2,57.8,0,0,1,0,0,1,0,57.8
4,77.2,0,0,0,0,0,0,0,77.2
1,12.2,0,3,0,0,0,0,0,3.05
1,83.8,0,0,0,0,0,0,0,83.8
73,29.8,0,4,0,0,0,1,0,5.96
1,85.9,0,0,0,0,0,0,0,85.9
1,56.0,0,0,0,0,0,0,0,56.0
1,62.4,0,1,0,0,0,0,0,31.2
2,68.4,0,0,0,0,0,0,0,68.4
2,41.7,0,2,0,0,0,0,0,13.9
1,77.0,0,0,0,0,0,0,0,77.0
2,33.5,0,0,0,0,0,0,0,33.5
1,15.5,0,1,0,0,0,0,0,7.75
102,27.0,1,5,1,0,1,3,0,4.5
19,19.7,1,3,1,0,1,2,0,4.92
56,27.1,0,1,0,0,0,0,0,13.55
2,20.1,0,1,0,0,0,0,0,10.05
1,83.1,0,1,0,0,0,0,0,41.55
1,72.9,0,0,0,0,0,0,0,72.9
86,12.5,1,1,1,0,0,2,0,6.25
1,69.7,0,0,0,0,0,0,0,69.7
3,84.9,0,0,0,0,0,0,0,84.9
114,14.2,1,3,1,0,1,2,0,3.55
103,37.4,0,0,0,0,0,0,0,37.4
4,105.2,0,0,0,1,0,1,0,105.2
54,11.8,1,4,1,1,1,4,4,2.36
19,20.5,1,4,1,0,1,3,0,4.1
61,14.0,0,1,0,0,0,0,0,7.0
16,8.3,0,5,1,1,1,3,5,1.38
110,13.7,1,1,1,1,1,3,1,6.85
43,14.6,1,3,1,1,1,3,3,3.65
1,67.8,0,0,0,0,0,0,0,67.8
56,17.1,0,0,0,0,0,0,0,17.1
1,32.7,0,1,0,0,0,0,0,16.35
1,80.8,0,1,0,0,0,0,0,40.4
72,29.2,1,3,1,0,1,2,0,7.3
2,93.9,0,0,0,0,0,0,0,93.9
1,79.9,0,0,0,0,0,0,0,79.9
14,28.6,1,3,0,0,1,1,0,7.15
1,44.8,0,1,0,0,0,0,0,22.4
1,61.7,0,0,0,0,0,0,0,61.7
3,35.4,0,1,0,0,0,0,0,17.7
1,46.9,0,0,0,1,0,1,0,46.9
18,3.3,0,5,1,1,1,3,5,0.55
1,83.0,0,0,0,0,0,0,0,83.0
5,27.7,0,7,1,1,1,3,7,3.46
102,20.7,1,2,0,1,1,2,2,6.9
1,60.5,0,0,0,0,0,0,0,60.5
27,3.0,0,2,1,1,1,2,2,1.0
1,76.3,0,0,0,0,0,0,0,76.3
95,18.3,0,2,0,0,1,0,0,6.1
17,16.4,1,5,0,1,1,3,5,2.73
2,60.2,0,0,0,0,0,0,0,60.2
1,75.3,0,1,0,0,0,0,0,37.65
16,11.5,0,1,1,1,1,2,1,5.75
1,99.8,0,0,0,0,0,0,0,99.8
1,47.4,0,0,0,0,0,0,0,47.4
1,87.2,0,1,0,0,0,0,0,43.6
1,64.9,0,0,0,0,0,0,0,64.9
1,57.6,0,0,0,0,0,0,0,57.6
1,65.2,0,0,0,0,0,0,0,65.2
2,44.8,0,1,0,0,0,0,0,22.4
10,21.8,0,2,1,0,0,1,0,7.27
115,2.2,1,6,1,1,1,4,6,0.31
62,11.7,1,0,1,1,1,3,0,11.7
1,57.1,0,1,0,0,0,0,0,28.55
1,69.3,0,0,0,0,0,0,0,69.3
118,30.2,1,0,1,1,1,3,0,30.2
3,97.4,0,1,0,0,0,0,0,48.7
1,64.6,0,0,0,1,0,1,0,64.6
34,26.8,0,1,0,0,0,0,0,13.4
1,84.9,0,0,0,0,0,0,0,84.9
1,65.3,0,1,0,0,0,0,0,32.65
1,64.0,0,0,0,0,0,0,0,64.0
45,31.4,0,0,0,0,0,0,0,31.4
86,32.1,1,2,1,1,1,3,2,10.7
1,68.2,0,0,0,1,0,1,0,68.2
1,43.7,0,0,0,0,0,0,0,43.7
1,54.5,0,0,0,0,0,0,0,54.5
75,23.1,0,0,0,0,0,0,0,23.1
118,43.8,0,0,0,0,0,0,0,43.8
1,77.3,0,0,0,0,0,0,0,77.3
2,77.7,0,0,0,0,0,0,0,77.7
1,60.5,0,0,0,0,0,0,0,60.5
29,11.8,1,6,1,0,1,3,0,1.69
74,12.7,1,3,1,0,1,2,0,3.18
1,48.1,0,1,1,0,0,1,0,24.05
1,85.6,0,0,0,0,0,0,0,85.6
117,19.9,0,5,1,1,1,3,5,3.32
1,47.8,0,0,0,0,0,0,0,47.8
117,20.9,1,4,0,0,0,2,0,4.18
1,52.2,0,0,0,0,0,0,0,52.2
24,29.3,0,1,0,0,0,0,0,14.65
96,25.3,1,3,1,1,1,3,3,6.32
16,12.1,0,0,0,0,0,0,0,12.1
4,39.6,0,2,0,0,0,0,0,13.2
1,91.9,0,0,0,0,0,0,0,91.9
1,83.3,0,0,0,0,0,0,0,83.3
19,20.4,1,7,1,1,1,4,7,2.55
64,33.0,1,5,1,0,1,3,0,5.5
2,102.5,0,0,0,0,0,0,0,102.5
1,77.7,0,1,0,0,0,0,0,38.85
3,46.3,0,1,0,0,0,0,0,23.15
1,36.2,0,0,0,1,0,1,0,36.2
3,39.9,0,2,0,0,0,0,0,13.3
1,42.5,1,1,0,0,0,1,0,21.25
39,13.7,0,4,1,0,1,2,0,2.74
6,31.4,0,3,1,1,1,2,3,7.85
1,73.3,0,0,0,0,0,0,0,73.3
1,82.2,0,0,0,0,0,0,0,82.2
42,44.1,0,0,0,0,0,0,0,44.1
1,72.0,0,0,0,0,0,0,0,72.0
1,74.8,0,0,0,0,0,0,0,74.8
1,85.7,1,1,0,0,0,1,0,42.85
1,39.9,0,0,0,0,0,0,0,39.9
2,30.4,0,2,0,0,0,0,0,10.13
1,65.4,0,0,0,0,0,0,0,65.4
1,72.6,0,0,0,0,0,0,0,72.6
110,15.5,0,0,1,0,1,1,0,15.5
2,66.1,0,1,0,0,0,0,0,33.05
1,35.9,0,2,0,0,0,0,0,11.97
2,105.5,1,0,0,0,0,1,0,105.5
38,16.5,1,3,0,0,1,1,0,4.12
1,45.8,0,1,1,0,0,1,0,22.9
97,28.7,1,0,1,0,1,2,0,28.7
1,14.2,0,0,0,0,0,0,0,14.2
1,56.9,0,0,0,0,0,0,0,56.9
1,41.6,0,2,0,1,0,1,2,13.87
1,40.8,1,0,0,0,0,1,0,40.8
1,30.1,0,0,0,0,0,0,0,30.1
1,37.4,0,2,0,0,0,0,0,12.47
71,9.7,1,2,0,0,1,1,0,3.23
1,51.3,0,1,0,0,0,0,0,25.65
78,25.1,1,3,1,0,1,2,0,6.28
17,15.6,0,5,1,1,1,3,5,2.6
27,32.1,0,0,0,0,0,0,0,32.1
1,69.5,0,2,0,0,0,0,0,23.17
1,43.7,0,0,0,0,0,0,0,43.7
1,34.0,0,0,0,0,0,0,0,34.0
3,91.0,0,2,0,0,0,0,0,30.33
1,86.5,0,0,1,0,0,1,0,86.5
101,26.8,0,0,0,0,0,0,0,26.8
6,15.2,1,7,1,1,1,4,7,1.9
32,25.9,1,7,1,0,1,3,0,3.24
2,54.2,0,0,0,0,0,0,0,54.2
49,28.9,0,0,0,0,0,0,0,28.9
2,37.0,0,0,0,0,0,0,0,37.0
1,74.9,0,3,0,0,0,0,0,18.73
1,48.4,1,0,0,0,0,1,0,48.4
1,84.2,0,0,0,0,0,0,0,84.2
1,74.6,0,0,0,0,0,0,0,74.6
90,5.7,0,2,1,0,1,1,0,1.9
85,2.3,0,2,0,1,1,1,2,0.77
1,81.0,0,0,0,0,0,0,0,81.0
109,20.8,1,7,1,1,1,4,7,2.6
47,28.3,1,1,0,1,1,2,1,14.15
109,16.6,0,0,0,0,0,0,0,16.6
4,50.8,0,1,0,0,0,0,0,25.4
1,56.7,0,0,0,1,0,1,0,56.7
103,25.9,1,1,1,1,1,3,1,12.95
2,80.4,0,1,0,0,0,0,0,40.2
83,31.6,1,4,1,0,1,3,0,6.32
1,81.7,0,1,0,0,0,0,0,40.85
1,57.9,0,1,0,0,0,0,0,28.95
107,21.1,0,2,1,0,1,1,0,7.03
65,34.1,1,1,0,1,1,2,1,17.05
33,3.6,0,1,1,0,1,1,0,1.8
75,4.5,1,1,1,1,1,3,1,2.25
1,30.0,0,1,0,0,0,0,0,15.0
1,33.1,0,1,0,0,0,0,0,16.55
72,33.2,1,2,1,1,1,3,2,11.07
1,44.2,0,1,0,0,0,0,0,22.1
108,31.3,1,2,1,1,1,3,2,10.43
2,111.1,0,0,0,0,0,0,0,111.1
1,92.0,0,0,0,0,0,0,0,92.0
1,50.8,0,0,0,0,0,0,0,50.8
1,56.9,0,0,0,0,0,0,0,56.9
2,74.6,0,0,0,0,0,0,0,74.6
1,60.9,0,1,0,0,0,0,0,30.45
1,50.4,0,0,0,1,0,1,0,50.4
1,52.4,0,0,0,0,0,0,0,52.4
93,22.2,0,1,1,1,1,2,1,11.1
3,44.9,0,2,0,0,0,0,0,14.97
34,47.1,0,0,0,1,0,1,0,47.1
1,95.9,1,0,0,0,0,1,0,95.9
2,44.3,0,0,0,0,0,0,0,44.3
3,58.6,0,2,0,0,0,0,0,19.53
1,29.0,0,0,0,0,0,0,0,29.0
55,15.0,0,0,0,0,0,0,0,15.0
84,7.8,1,0,0,1,1,2,0,7.8
1,74.4,0,0,0,0,0,0,0,74.4
83,11.9,0,0,1,1,1,2,0,11.9
85,34.2,0,1,0,0,0,0,0,17.1
26,10.2,1,3,1,1,1,3,3,2.55
1,28.6,0,3,0,0,0,0,0,7.15
4,27.8,1,0,0,0,0,1,0,27.8
1,67.1,0,3,0,0,0,0,0,16.77
2,32.7,1,2,1,1,1,3,2,10.9
10,32.4,1,0,0,0,1,1,0,32.4
2,86.6,0,0,0,1,0,1,0,86.6
47,42.9,0,1,0,0,0,0,0,21.45
3,72.1,0,1,0,0,0,0,0,36.05
100,15.0,0,5,1,0,1,2,0,2.5
1,59.8,0,0,0,0,0,0,0,59.8
1,64.2,0,3,0,0,0,0,0,16.05
56,21.7,1,4,1,1,1,4,4,4.34
1,77.0,1,0,0,0,0,1,0,77.0
5,15.3,1,4,1,1,1,4,4,3.06
1,27.5,0,1,0,0,0,0,0,13.75
2,115.3,1,0,0,0,0,1,0,115.3
1,8.8,0,0,0,0,0,0,0,8.8
5,18.5,0,3,1,1,1,2,3,4.62
61,30.3,0,2,1,0,1,1,0,10.1
1,67.3,0,0,0,0,0,0,0,67.3
23,3.3,0,1,1,0,1,1,0,1.65
105,16.7,0,4,1,1,1,3,4,3.34
32,6.9,0,2,1,1,1,2,2,2.3
1,49.2,0,0,0,0,0,0,0,49.2
1,75.6,0,0,0,0,0,0,0,75.6
1,78.3,0,0,0,0,0,0,0,78.3
1,40.7,0,0,0,0,0,0,0,40.7
1,71.3,0,0,0,0,0,0,0,71.3
57,20.4,0,1,0,0,0,0,0,10.2
71,43.3,0,3,0,0,0,0,0,10.82
1,50.8,0,2,0,0,0,0,0,16.93
76,26.4,1,2,0,1,1,2,2,8.8
51,16.8,0,0,0,0,0,0,0,16.8
1,64.8,0,2,0,0,0,0,0,21.6
61,17.2,1,1,0,0,1,1,0,8.6
4,62.6,0,1,0,0,0,0,0,31.3
62,29.9,0,0,0,0,0,0,0,29.9
3,92.3,0,0,0,0,0,0,0,92.3
1,46.9,0,0,0,1,0,1,0,46.9
21,26.0,1,4,1,0,1,3,0,5.2
55,30.9,0,4,1,1,1,3,4,6.18
1,53.0,0,0,0,0,0,0,0,53.0
1,93.8,0,2,0,0,0,0,0,31.27
89,18.6,1,5,1,0,1,3,0,3.1
1,58.6,0,0,0,0,0,0,0,58.6
1,54.1,0,1,0,0,0,0,0,27.05
2,71.7,0,0,0,0,0,0,0,71.7
109,8.4,1,2,1,0,1,2,0,2.8
1,52.2,0,0,0,0,0,0,0,52.2
1,57.7,0,0,0,0,0,0,0,57.7
60,32.2,0,5,1,0,1,2,0,5.37
1,58.1,0,0,0,1,0,1,0,58.1
1,53.4,0,1,0,0,0,0,0,26.7
48,19.0,0,5,1,1,1,3,5,3.17
1,50.0,1,0,0,0,0,1,0,50.0
53,12.1,1,5,0,1,1,3,5,2.02
30,34.0,1,3,0,1,1,2,3,8.5
68,3.2,1,3,1,1,1,3,3,0.8
1,34.5,0,0,0,0,0,0,0,34.5
1,74.7,0,1,0,0,0,0,0,37.35
110,48.5,0,0,0,0,0,0,0,48.5
1,35.2,0,0,0,0,0,0,0,35.2
1,35.8,0,0,0,0,0,0,0,35.8
4,44.8,0,2,0,0,0,0,0,14.93
12,30.0,1,5,0,1,1,3,5,5.0
1,73.8,0,1,0,0,0,0,0,36.9
2,75.2,0,0,0,0,0,0,0,75.2
40,5.5,1,0,1,0,1,2,0,5.5
61,28.2,1,2,1,1,1,3,2,9.4
10,2.7,1,3,0,1,1,2,3,0.68
102,12.1,0,1,1,0,1,1,0,6.05
2,41.7,0,1,0,0,0,0,0,20.85
1,54.4,0,0,0,0,0,0,0,54.4
41,2.7,1,1,1,1,1,3,1,1.35
2,41.0,0,0,0,0,0,0,0,41.0
3,96.3,0,0,0,0,0,0,0,96.3
4,17.7,0,0,0,0,0,0,0,17.7
3,17.6,1,3,0,1,1,2,3,4.4
86,30.6,0,0,0,1,1,1,0,30.6
33,13.5,0,0,1,1,1,2,0,13.5
56,35.0,0,2,0,1,1,1,2,11.67
111,24.3,1,3,1,0,1,2,0,6.08
1,86.0,0,3,0,0,0,0,0,21.5
4,25.1,1,3,1,1,1,3,3,6.28
1,31.7,0,0,0,0,0,0,0,31.7
2,101.7,1,0,0,0,0,1,0,101.7
76,4.2,1,4,1,1,1,4,4,0.84
1,61.1,0,0,0,0,0,0,0,61.1
1,64.4,0,1,0,0,0,0,0,32.2
1,31.7,0,0,0,0,0,0,0,31.7
2,34.3,0,0,0,0,0,0,0,34.3
1,63.1,0,0,0,0,0,0,0,63.1
2,70.3,0,0,0,0,0,0,0,70.3
115,43.8,0,0,1,0,0,1,0,43.8
1,59.6,0,0,0,0,0,0,0,59.6
2,48.7,0,0,0,0,0,0,0,48.7
3,70.0,0,0,0,0,0,0,0,70.0
3,77.6,0,0,0,0,0,0,0,77.6
1,39.8,0,0,0,1,0,1,0,39.8
3,8.0,0,0,0,0,0,0,0,8.0
1,16.3,0,2,0,0,0,0,0,5.43
114,46.6,0,0,0,0,0,0,0,46.6
17,9.2,0,3,0,0,1,0,0,2.3
1,41.6,0,1,0,0,0,0,0,20.8
1,63.7,0,0,0,0,0,0,0,63.7
1,64.4,0,0,0,0,0,0,0,64.4
1,37.1,0,0,0,0,0,0,0,37.1
3,65.5,1,0,0,0,0,1,0,65.5
2,4.6,1,5,1,1,1,4,5,0.77
1,113.9,0,0,0,0,0,0,0,113.9
1,94.1,0,0,0,0,0,0,0,94.1
66,21.4,1,4,1,0,1,3,0,4.28
47,18.8,0,3,0,0,0,0,0,4.7
1,11.3,0,1,0,1,0,1,1,5.65
1,10.0,0,0,0,0,0,0,0,10.0
3,29.1,1,4,1,1,1,4,4,5.82
93,24.7,1,5,1,0,1,3,0,4.12
64,24.2,1,3,0,0,1,1,0,6.05
1,25.9,0,0,0,0,0,0,0,25.9
1,57.2,0,0,0,0,0,0,0,57.2
1,37.0,0,0,0,0,0,0,0,37.0
1,42.1,0,1,0,0,0,0,0,21.05
1,80.2,0,0,0,0,0,0,0,80.2
90,16.1,1,3,1,1,1,3,3,4.03
2,62.1,0,0,0,0,0,0,0,62.1
3,89.5,0,0,0,0,0,0,0,89.5
51,17.7,1,4,0,0,1,2,0,3.54
106,24.6,0,7,1,1,1,3,7,3.08
1,74.3,0,1,0,0,0,0,0,37.15
1,104.5,0,0,0,0,0,0,0,104.5
1,25.0,0,0,0,1,0,1,0,25.0
1,89.7,0,2,0,0,0,0,0,29.9
1,69.6,1,0,0,0,0,1,0,69.6
94,4.2,0,4,0,0,1,1,0,0.84
1,39.4,0,0,0,0,0,0,0,39.4
1,96.2,1,0,0,0,0,1,0,96.2
93,19.7,0,1,1,0,1,1,0,9.85
1,32.6,0,2,0,0,0,0,0,10.87
1,93.3,0,0,0,1,0,1,0,93.3
3,51.2,0,2,0,0,0,0,0,17.07
1,60.6,0,0,0,0,0,0,0,60.6
1,82.6,0,0,0,1,0,1,0,82.6
1,93.1,0,0,0,0,0,0,0,93.1
1,61.9,1,0,0,0,0,1,0,61.9
1,74.1,0,0,0,0,0,0,0,74.1
1,8.0,0,0,0,0,0,0,0,8.0
1,11.6,0,0,0,0,0,0,0,11.6
19,11.4,1,0,1,1,1,3,0,11.4
1,52.9,0,0,0,0,0,0,0,52.9
118,33.2,1,0,1,1,1,3,0,33.2
94,5.3,1,7,0,1,1,3,7,0.66
1,78.6,1,1,0,0,0,1,0,39.3
1,29.3,0,0,0,0,0,0,0,29.3
21,44.3,0,1,0,0,0,0,0,22.15
1,65.7,0,0,0,0,0,0,0,65.7
64,33.0,1,1,0,1,1,2,1,16.5
59,22.5,0,0,0,0,0,0,0,22.5
1,91.3,0,0,0,0,0,0,0,91.3
1,83.6,0,0,0,0,0,0,0,83.6
49,8.1,1,0,1,1,1,3,0,8.1
87,32.1,0,5,1,1,1,3,5,5.35
52,43.0,0,0,0,0,0,0,0,43.0
3,59.8,0,0,0,0,0,0,0,59.8
1,58.8,0,0,0,0,0,0,0,58.8
95,37.1,0,0,0,0,0,0,0,37.1
1,79.1,0,1,0,0,0,0,0,39.55
57,32.2,0,4,1,1,1,3,4,6.44
116,33.3,0,6,1,1,1,3,6,4.76
1,34.8,0,0,0,0,0,0,0,34.8
1,72.5,1,1,0,0,0,1,0,36.25
33,21.1,1,2,1,1,1,3,2,7.03
1,95.7,0,1,0,0,0,0,0,47.85
1,81.9,0,2,0,0,0,0,0,27.3
1,80.3,0,0,0,0,0,0,0,80.3
2,74.3,0,1,0,0,0,0,0,37.15
3,42.3,0,0,0,0,0,0,0,42.3
1,45.2,1,0,0,0,0,1,0,45.2
70,12.4,0,0,0,1,1,1,0,12.4
3,71.1,0,0,0,0,0,0,0,71.1
3,11.0,1,5,0,1,1,3,5,1.83
50,4.6,1,2,1,1,1,3,2,1.53
4,81.1,0,0,0,0,0,0,0,81.1
1,54.6,0,0,0,1,0,1,0,54.6
2,45.3,0,0,0,0,0,0,0,45.3
2,44.7,0,0,0,0,0,0,0,44.7
53,19.5,1,2,0,1,1,2,2,6.5
59,9.4,1,1,0,0,1,1,0,4.7
2,65.2,0,0,0,0,0,0,0,65.2
2,119.1,0,0,0,0,0,0,0,119.1
96,40.9,0,1,0,1,0,1,1,20.45
1,94.0,0,0,0,0,0,0,0,94.0
110,6.4,1,4,1,0,1,3,0,1.28
1,54.0,1,1,0,0,0,1,0,27.0
1,67.6,0,0,0,0,0,0,0,67.6
1,43.6,0,0,0,0,0,0,0,43.6
1,92.1,0,1,0,0,0,0,0,46.05
59,21.3,0,0,1,0,1,1,0,21.3
1,91.2,0,2,0,0,0,0,0,30.4
1,87.0,0,0,0,0,0,0,0,87.0
52,31.0,1,6,1,0,1,3,0,4.43
48,5.9,0,5,1,1,1,3,5,0.98
36,40.5,0,0,0,0,0,0,0,40.5
2,14.2,0,0,0,0,0,0,0,14.2
1,84.3,0,1,0,0,0,0,0,42.15
3,73.0,1,1,0,0,0,1,0,36.5
73,19.9,1,0,0,1,1,2,0,19.9
1,48.3,0,2,0,0,0,0,0,16.1
37,26.0,1,4,1,0,1,3,0,5.2
1,49.7,0,1,0,0,0,0,0,24.85
2,51.5,0,0,0,1,0,1,0,51.5
95,16.4,0,0,0,1,0,1,0,16.4
1,93.9,0,0,0,0,0,0,0,93.9
2,52.0,0,1,0,0,0,0,0,26.0
35,17.0,0,5,1,1,1,3,5,2.83
3,55.4,0,0,0,0,0,0,0,55.4
50,23.1,1,1,1,0,1,2,0,11.55
1,59.7,0,0,0,0,0,0,0,59.7
78,2.1,0,1,1,1,1,2,1,1.05
93,8.4,1,1,1,1,1,3,1,4.2
2,55.1,0,1,0,0,0,0,0,27.55
1,44.0,0,0,0,0,0,0,0,44.0
91,29.1,0,5,1,0,1,2,0,4.85
32,26.5,0,2,0,1,0,1,2,8.83
77,2.5,1,3,1,0,1,2,0,0.62
3,8.0,0,0,0,0,0,0,0,8.0
89,44.8,0,0,0,0,0,0,0,44.8
3,34.8,0,0,0,0,0,0,0,34.8
50,47.1,0,0,0,0,0,0,0,47.1
1,35.4,0,0,0,0,0,0,0,35.4
6,21.2,1,2,1,1,1,3,2,7.07
1,89.3,0,3,0,0,0,0,0,22.32
41,37.8,0,0,0,0,0,0,0,37.8
68,37.0,0,0,0,0,0,0,0,37.0
1,56.3,0,2,0,0,0,0,0,18.77
1,92.4,0,2,0,0,0,0,0,30.8
1,62.0,0,1,0,0,0,0,0,31.0
106,20.9,0,7,1,1,1,3,7,2.61
74,34.3,0,3,1,1,1,2,3,8.57
42,34.4,1,3,1,1,1,3,3,8.6
1,56.9,1,1,0,0,0,1,0,28.45
1,67.2,0,0,1,0,0,1,0,67.2
10,34.5,0,2,0,0,0,0,0,11.5
1,75.6,1,0,0,0,0,1,0,75.6
1,30.4,1,0,0,0,0,1,0,30.4
105,30.4,0,3,1,0,1,1,0,7.6
1,65.7,0,0,0,0,0,0,0,65.7
111,33.4,0,0,0,1,1,1,0,33.4
107,17.0,1,6,1,0,1,3,0,2.43
2,54.9,1,0,0,1,0,2,0,54.9
40,29.7,0,0,0,0,0,0,0,29.7
1,50.8,0,0,0,0,0,0,0,50.8
4,8.0,0,0,0,0,0,0,0,8.0
1,79.1,0,0,0,0,0,0,0,79.1
1,64.5,0,0,0,0,0,0,0,64.5
2,67.8,0,1,1,0,0,1,0,33.9
3,47.3,0,3,0,0,0,0,0,11.82
1,54.8,0,1,0,0,0,0,0,27.4
62,29.9,0,0,1,0,0,1,0,29.9
6,25.5,1,1,1,1,1,3,1,12.75
14,33.9,1,1,0,1,1,2,1,16.95
84,29.5,0,4,1,0,1,2,0,5.9
19,13.1,0,5,1,1,1,3,5,2.18
1,53.7,0,1,0,0,0,0,0,26.85
38,30.7,1,2,1,1,1,3,2,10.23
2,32.7,0,0,0,0,0,0,0,32.7
54,25.5,0,6,1,1,1,3,6,3.64
28,16.1,1,5,1,1,1,4,5,2.68
1,74.3,0,0,0,0,0,0,0,74.3
1,46.2,0,2,0,0,0,0,0,15.4
114,16.2,1,3,1,0,1,2,0,4.05
59,38.4,0,1,0,0,0,0,0,19.2
69,27.6,1,3,0,0,1,1,0,6.9
1,120.7,0,2,0,0,0,0,0,40.23
1,43.2,0,1,0,0,0,0,0,21.6
77,33.2,0,0,0,1,0,1,0,33.2
36,33.8,0,2,0,0,1,0,0,11.27
51,26.7,0,2,0,0,0,0,0,8.9
1,41.1,0,0,0,0,0,0,0,41.1
23,33.6,0,3,1,0,1,1,0,8.4
1,44.3,0,0,0,0,0,0,0,44.3
1,90.5,0,1,0,0,0,0,0,45.25
2,133.4,0,0,0,0,0,0,0,133.4
72,10.5,0,0,0,0,0,0,0,10.5
1,83.9,0,0,0,0,0,0,0,83.9
1,62.0,0,0,0,0,0,0,0,62.0
1,50.4,0,0,0,0,0,0,0,50.4
4,30.2,1,4,1,1,1,4,4,6.04
1,52.4,0,1,0,0,0,0,0,26.2
1,70.5,0,1,0,0,0,0,0,35.25
2,95.1,1,0,0,0,0,1,0,95.1
46,15.5,0,2,1,1,1,2,2,5.17
1,89.6,0,0,0,0,0,0,0,89.6
12,33.3,0,5,1,1,1,3,5,5.55
59,11.3,0,1,0,0,0,0,0,5.65
1,71.1,1,2,0,0,0,1,0,23.7
1,92.2,0,3,0,0,0,0,0,23.05
1,52.5,0,0,1,0,0,1,0,52.5
41,28.3,0,3,1,0,1,1,0,7.08
1,65.2,0,0,0,0,0,0,0,65.2
1,58.4,1,0,1,0,0,2,0,58.4
2,42.6,0,1,0,0,0,0,0,21.3
76,34.8,0,3,0,1,1,1,3,8.7
1,88.7,0,0,0,0,0,0,0,88.7
68,23.1,0,6,1,1,1,3,6,3.3
88,19.9,1,5,1,0,1,3,0,3.32
4,75.1,0,1,1,0,0,1,0,37.55
31,2.6,1,3,1,0,1,2,0,0.65
1,88.0,0,0,0,0,0,0,0,88.0
1,47.1,0,0,0,0,0,0,0,47.1
1,62.0,0,0,0,0,0,0,0,62.0
29,12.1,0,1,0,0,0,0,0,6.05
4,8.0,0,1,0,0,0,0,0,4.0
1,8.0,0,0,0,0,0,0,0,8.0
1,40.4,0,3,0,0,0,0,0,10.1
85,27.6,1,3,0,0,1,1,0,6.9
2,65.1,0,0,0,0,0,0,0,65.1
1,51.6,0,0,0,0,0,0,0,51.6
77,28.2,0,2,0,0,0,0,0,9.4
118,11.0,0,2,0,1,0,1,2,3.67
1,49.0,0,1,0,0,0,0,0,24.5
2,100.1,0,0,0,0,0,0,0,100.1
78,22.1,1,2,1,1,1,3,2,7.37
24,19.9,1,4,0,0,1,2,0,3.98
3,68.7,0,1,0,0,0,0,0,34.35
79,22.4,0,4,0,1,1,2,4,4.48
1,38.9,0,0,0,0,0,0,0,38.9
84,7.1,0,3,1,1,1,2,3,1.78
1,45.4,0,0,0,0,0,0,0,45.4
1,57.7,0,0,0,0,0,0,0,57.7
69,43.2,0,1,0,0,0,0,0,21.6
1,55.7,1,0,0,0,0,1,0,55.7
1,83.1,0,1,0,0,0,0,0,41.55
1,95.9,0,0,0,0,0,0,0,95.9
1,71.4,0,0,0,0,0,0,0,71.4
21,22.1,0,0,0,1,1,1,0,22.1
29,2.1,1,3,0,0,1,1,0,0.52
1,92.1,0,1,0,0,0,0,0,46.05
1,67.5,0,0,0,0,0,0,0,67.5
101,27.4,1,1,1,1,1,3,1,13.7
27,41.1,0,0,0,0,0,0,0,41.1
1,104.0,0,0,0,0,0,0,0,104.0
1,67.8,0,2,0,0,0,0,0,22.6
2,52.4,0,0,0,0,0,0,0,52.4
85,33.2,1,2,1,1,1,3,2,11.07
1,124.7,0,1,0,0,0,0,0,62.35
1,64.0,0,0,0,0,0,0,0,64.0
2,67.7,0,0,0,0,0,0,0,67.7
2,94.3,0,0,0,0,0,0,0,94.3
118,2.4,0,4,1,0,1,2,0,0.48
78,20.9,1,2,1,1,1,3,2,6.97
2,54.9,0,1,0,1,0,1,1,27.45
53,30.7,0,1,0,0,0,0,0,15.35
58,11.0,0,2,1,0,1,1,0,3.67
68,32.8,0,6,1,1,1,3,6,4.69
118,29.0,0,1,0,1,1,1,1,14.5
1,141.1,0,0,0,0,0,0,0,141.1
1,52.2,0,1,0,0,0,0,0,26.1
39,23.0,0,0,0,1,0,1,0,23.0
21,14.9,0,0,0,0,0,0,0,14.9
1,60.1,0,0,0,0,0,0,0,60.1
1,35.6,0,0,0,0,0,0,0,35.6
1,65.8,0,2,0,0,0,0,0,21.93
1,42.8,0,2,0,0,0,0,0,14.27
39,25.4,1,6,1,1,1,4,6,3.63
41,31.5,0,2,0,1,0,1,2,10.5
47,13.5,0,2,0,0,0,0,0,4.5
1,86.5,0,0,0,0,0,0,0,86.5
3,46.9,0,1,0,0,0,0,0,23.45
68,23.0,0,0,0,0,0,0,0,23.0
2,60.5,0,0,0,0,0,0,0,60.5
116,33.6,1,4,1,1,1,4,4,6.72
2,66.0,0,0,0,0,0,0,0,66.0
65,31.2,1,3,1,0,1,2,0,7.8
1,42.8,0,0,0,0,0,0,0,42.8
1,53.3,0,0,0,0,0,0,0,53.3
1,99.3,0,0,0,0,0,0,0,99.3
43,6.4,1,2,0,0,1,1,0,2.13
1,50.3,0,0,0,0,0,0,0,50.3
1,51.3,0,0,1,0,0,1,0,51.3
82,19.0,0,0,0,0,0,0,0,19.0
3,58.5,0,0,0,0,0,0,0,58.5
68,29.0,1,1,0,1,1,2,1,14.5
88,12.1,1,1,0,1,1,2,1,6.05
1,76.5,0,0,0,0,0,0,0,76.5
99,7.4,1,1,0,0,1,1,0,3.7
28,13.8,1,1,1,1,1,3,1,6.9
1,62.1,0,0,0,0,0,0,0,62.1
1,12.2,0,0,0,0,0,0,0,12.2
13,46.1,0,0,0,0,0,0,0,46.1
61,29.3,0,0,0,0,0,0,0,29.3
2,22.1,0,0,0,0,0,0,0,22.1
1,46.7,0,0,0,0,0,0,0,46.7
2,89.9,0,0,0,0,0,0,0,89.9
108,32.6,0,0,0,0,1,0,0,32.6
19,4.2,1,5,1,1,1,4,5,0.7
1,39.9,0,0,0,0,0,0,0,39.9
1,46.9,0,0,0,0,0,0,0,46.9
1,25.7,0,0,0,0,0,0,0,25.7
46,26.2,1,4,0,0,1,2,0,5.24
27,23.1,0,0,0,0,0,0,0,23.1
10,25.2,1,0,0,0,0,1,0,25.2
3,72.8,0,0,0,1,0,1,0,72.8
60,17.7,0,4,1,0,1,2,0,3.54
1,41.6,0,0,0,0,0,0,0,41.6
84,20.9,0,1,0,0,0,0,0,10.45
1,18.6,0,2,0,0,0,0,0,6.2
1,8.4,0,0,0,1,0,1,0,8.4
44,12.8,0,0,0,0,0,0,0,12.8
85,27.7,0,5,0,1,1,2,5,4.62
1,44.6,0,0,0,0,0,0,0,44.6
4,78.0,1,1,0,0,0,1,0,39.0
1,53.8,0,0,0,0,0,0,0,53.8
2,78.8,1,0,0,1,0,2,0,78.8
112,23.5,0,0,0,0,0,0,0,23.5
1,48.6,0,0,0,0,0,0,0,48.6
2,102.4,0,0,0,0,0,0,0,102.4
16,26.5,1,6,1,1,1,4,6,3.79
83,34.2,1,1,1,1,1,3,1,17.1
3,99.9,0,0,0,0,0,0,0,99.9
2,51.9,0,0,0,0,0,0,0,51.9
1,52.3,0,1,0,0,0,0,0,26.15
1,41.8,0,0,0,0,0,0,0,41.8
1,99.5,0,2,0,0,0,0,0,33.17
1,73.6,0,0,0,0,0,0,0,73.6
2,57.8,0,0,0,0,0,0,0,57.8
65,31.7,1,1,1,0,1,2,0,15.85
50,24.4,0,4,1,1,1,3,4,4.88
1,87.4,0,2,0,0,0,0,0,29.13
1,103.0,0,2,0,0,0,0,0,34.33
3,111.4,1,0,0,0,0,1,0,111.4
105,7.5,1,4,0,0,1,2,0,1.5
5,14.4,1,0,1,1,1,3,0,14.4
1,73.5,0,0,0,0,0,0,0,73.5
1,34.6,0,1,0,0,0,0,0,17.3
93,32.8,0,3,0,0,1,0,0,8.2
2,83.6,0,0,0,0,0,0,0,83.6
1,87.1,0,1,0,0,0,0,0,43.55
1,64.1,0,0,0,0,0,0,0,64.1
25,35.9,0,2,0,0,0,0,0,11.97
97,26.0,0,2,1,0,0,1,0,8.67
1,59.0,0,0,0,0,0,0,0,59.0
49,39.4,0,0,0,0,0,0,0,39.4
2,73.8,1,0,0,0,0,1,0,73.8
47,2.7,0,4,1,0,1,2,0,0.54
1,59.9,0,0,0,0,0,0,0,59.9
1,68.7,0,0,0,0,0,0,0,68.7
86,18.0,1,7,0,0,1,2,0,2.25
1,58.3,0,0,0,0,0,0,0,58.3
21,7.1,0,2,0,0,1,0,0,2.37
106,20.3,1,4,0,0,1,2,0,4.06
1,49.2,0,0,0,0,0,0,0,49.2
58,24.5,0,0,1,0,0,1,0,24.5
39,29.4,1,1,1,0,1,2,0,14.7
1,57.7,0,0,0,0,0,0,0,57.7
1,75.5,0,1,0,0,0,0,0,37.75
1,114.6,0,1,0,0,0,0,0,57.3
5,25.8,0,5,0,0,1,1,0,4.3
16,46.1,0,1,0,0,0,0,0,23.05
1,54.2,0,3,0,0,0,0,0,13.55
106,31.4,0,0,0,0,0,0,0,31.4
1,70.4,0,0,0,1,0,1,0,70.4
29,23.7,0,2,1,1,1,2,2,7.9
14,17.4,0,3,0,0,0,0,0,4.35
1,21.4,1,1,0,0,0,1,0,10.7
60,28.2,0,0,0,1,0,1,0,28.2
1,32.4,0,0,0,0,0,0,0,32.4
74,31.4,0,0,0,0,0,0,0,31.4
65,24.8,0,2,0,0,0,0,0,8.27
2,68.5,1,3,0,0,0,1,0,17.12
2,40.8,0,0,0,0,0,0,0,40.8
1,41.7,0,1,0,0,0,0,0,20.85
7,8.4,0,7,1,0,1,2,0,1.05
2,36.4,0,0,0,0,0,0,0,36.4
1,39.2,0,0,0,0,0,0,0,39.2
40,34.1,0,5,1,1,1,3,5,5.68
27,11.5,1,3,1,1,1,3,3,2.88
4,43.5,0,0,0,0,0,0,0,43.5
25,6.8,0,1,1,1,1,2,1,3.4
65,28.7,1,1,1,1,1,3,1,14.35
75,32.0,0,4,1,1,1,3,4,6.4
113,36.6,0,1,0,1,0,1,1,18.3
1,46.6,0,0,0,0,0,0,0,46.6
1,31.2,0,0,0,0,0,0,0,31.2
20,11.5,0,1,0,0,0,0,0,5.75
100,27.9,1,5,1,1,1,4,5,4.65
1,82.8,0,2,0,0,0,0,0,27.6
1,95.7,0,1,0,0,0,0,0,47.85
1,75.8,0,0,0,0,0,0,0,75.8
1,80.9,0,0,1,0,0,1,0,80.9
1,79.6,0,0,1,0,0,1,0,79.6
33,2.6,1,3,0,1,1,2,3,0.65
1,59.4,0,0,0,0,0,0,0,59.4
1,19.2,0,1,0,0,0,0,0,9.6
89,5.7,0,1,1,0,1,1,0,2.85
51,14.2,0,2,1,1,1,2,2,4.73
91,24.8,1,3,1,1,1,3,3,6.2
1,8.0,0,0,1,0,0,1,0,8.0
1,21.3,0,0,0,0,0,0,0,21.3
8,3.8,0,2,1,0,1,1,0,1.27
1,65.8,0,0,0,0,0,0,0,65.8
77,10.9,0,1,1,0,1,1,0,5.45
11,29.9,0,0,0,0,0,0,0,29.9
21,48.8,0,0,0,0,0,0,0,48.8
1,57.7,0,1,0,0,0,0,0,28.85
40,31.1,0,0,0,0,0,0,0,31.1
1,105.7,0,2,0,0,0,0,0,35.23
1,46.3,0,0,0,0,0,0,0,46.3
1,42.8,0,0,0,0,0,0,0,42.8
1,86.7,0,0,0,0,0,0,0,86.7
93,12.9,1,2,0,1,1,2,2,4.3
119,18.9,0,4,0,1,1,2,4,3.78
1,36.9,0,0,0,0,0,0,0,36.9
29,9.0,1,4,0,1,1,3,4,1.8
1,68.4,0,0,0,1,0,1,0,68.4
106,15.8,0,1,0,1,1,1,1,7.9
1,58.9,0,0,0,0,0,0,0,58.9
16,45.4,0,3,0,0,0,0,0,11.35
1,65.6,1,3,0,0,0,1,0,16.4
2,31.2,0,1,0,0,0,0,0,15.6
1,78.0,0,0,0,0,0,0,0,78.0
4,44.8,0,0,0,0,0,0,0,44.8
111,20.1,1,4,1,0,1,3,0,4.02
1,51.4,0,2,0,0,0,0,0,17.13
22,36.2,0,0,0,0,0,0,0,36.2
3,25.2,1,4,1,0,1,3,0,5.04
102,15.0,1,5,0,0,1,2,0,2.5
1,114.6,1,0,0,0,0,1,0,114.6
1,120.3,0,0,0,0,0,0,0,120.3
8,32.2,1,5,0,1,1,3,5,5.37
1,35.4,0,0,0,0,0,0,0,35.4
26,23.7,1,4,1,0,1,3,0,4.74
4,49.7,1,0,0,0,0,1,0,49.7
2,8.0,0,0,0,0,0,0,0,8.0
72,29.6,0,2,1,1,1,2,2,9.87
94,34.0,0,1,1,1,1,2,1,17.0
1,39.4,0,1,0,0,0,0,0,19.7
1,80.2,0,1,0,0,0,0,0,40.1
31,11.2,0,1,0,0,0,0,0,5.6
1,67.3,0,0,0,0,0,0,0,67.3
1,13.7,0,0,0,0,0,0,0,13.7
10,2.3,1,1,1,1,1,3,1,1.15
1,34.2,0,0,0,1,0,1,0,34.2
1,38.5,0,3,0,1,0,1,3,9.62
2,55.3,0,0,0,0,0,0,0,55.3
84,32.4,0,1,0,0,0,0,0,16.2
118,32.8,1,4,1,1,1,4,4,6.56
4,48.8,0,1,0,0,0,0,0,24.4
75,11.8,1,5,1,1,1,4,5,1.97
1,91.9,0,0,1,0,0,1,0,91.9
65,22.8,1,3,1,0,1,2,0,5.7
105,16.9,1,4,1,0,1,3,0,3.38
3,57.4,1,0,0,0,0,1,0,57.4
49,4.5,1,5,0,1,1,3,5,0.75
26,31.8,0,0,0,0,0,0,0,31.8
47,18.2,0,7,1,0,1,2,0,2.28
107,21.7,0,0,0,1,0,1,0,21.7
15,13.4,0,0,0,0,0,0,0,13.4
1,26.4,0,0,0,0,0,0,0,26.4
1,81.4,0,0,0,0,0,0,0,81.4
118,17.6,1,5,1,1,1,4,5,2.93
1,62.8,0,0,0,0,0,0,0,62.8
48,13.2,1,2,1,1,1,3,2,4.4
2,21.4,0,0,0,0,0,0,0,21.4
1,51.7,0,0,0,0,0,0,0,51.7
1,73.6,0,1,0,0,0,0,0,36.8
47,23.8,0,4,0,0,0,1,0,4.76
118,48.1,0,0,0,0,0,0,0,48.1
4,29.0,0,2,0,1,1,1,2,9.67
1,26.5,0,0,1,0,0,1,0,26.5
92,26.7,1,1,1,1,1,3,1,13.35
1,10.8,0,1,0,0,0,0,0,5.4
2,55.5,0,0,0,0,0,0,0,55.5
2,75.0,0,1,1,0,0,1,0,37.5
1,75.1,0,2,0,0,0,0,0,25.03
1,73.9,0,1,0,0,0,0,0,36.95
25,29.8,0,0,0,0,0,0,0,29.8
2,76.1,0,1,0,0,0,0,0,38.05
1,58.7,0,0,0,0,0,0,0,58.7
61,26.6,1,6,0,1,1,3,6,3.8
1,44.8,0,0,0,0,0,0,0,44.8
17,17.8,1,0,1,0,1,2,0,17.8
1,55.0,0,1,0,0,0,0,0,27.5
87,25.5,1,4,1,1,1,4,4,5.1
10,21.3,0,7,1,1,1,3,7,2.66
2,78.0,0,0,0,1,0,1,0,78.0
65,20.3,0,5,0,1,1,2,5,3.38
1,71.4,1,2,1,0,0,2,0,23.8
1,73.8,0,2,0,0,0,0,0,24.6
1,39.5,0,0,0,0,0,0,0,39.5
1,84.9,0,0,0,0,0,0,0,84.9
63,21.2,1,1,0,1,1,2,1,10.6
1,61.1,0,2,0,0,0,0,0,20.37
117,26.1,1,0,1,1,1,3,0,26.1
23,7.1,0,2,0,1,1,1,2,2.37
52,13.4,1,2,1,1,1,3,2,4.47
3,60.1,0,0,0,0,0,0,0,60.1
12,23.3,1,0,0,0,1,1,0,23.3
118,18.7,0,7,1,0,1,2,0,2.34
1,72.3,0,0,0,0,0,0,0,72.3
1,46.8,0,0,0,0,0,0,0,46.8
1,39.4,0,0,0,0,0,0,0,39.4
1,8.0,0,0,0,0,0,0,0,8.0
97,5.4,1,1,1,1,1,3,1,2.7
1,72.3,0,0,0,0,0,0,0,72.3
1,69.0,0,0,0,0,0,0,0,69.0
1,72.6,0,1,0,0,0,0,0,36.3
1,82.4,0,0,0,0,0,0,0,82.4
4,12.9,0,1,0,0,0,0,0,6.45
54,16.4,1,1,1,1,1,3,1,8.2
1,29.4,0,2,0,0,0,0,0,9.8
1,8.0,0,0,0,0,0,0,0,8.0
97,14.1,1,5,1,1,1,4,5,2.35
1,88.2,0,1,0,0,0,0,0,44.1
2,48.7,0,0,0,0,0,0,0,48.7
1,69.2,0,1,0,0,0,0,0,34.6
1,53.9,0,0,0,0,0,0,0,53.9
2,103.0,0,0,0,0,0,0,0,103.0
1,85.7,0,1,0,0,0,0,0,42.85
1,118.6,0,0,1,0,0,1,0,118.6
2,63.6,0,0,0,0,0,0,0,63.6
63,15.8,0,3,0,1,1,1,3,3.95
81,18.6,1,0,1,1,1,3,0,18.6
32,14.7,0,0,0,0,0,0,0,14.7
1,25.3,0,0,0,0,0,0,0,25.3
1,20.8,0,0,0,0,0,0,0,20.8
1,49.2,0,0,0,0,0,0,0,49.2
1,51.0,0,1,0,0,0,0,0,25.5
3,68.9,0,0,0,0,0,0,0,68.9
4,17.8,0,0,0,0,0,0,0,17.8
119,32.2,0,0,0,0,0,0,0,32.2
1,25.3,0,0,0,0,0,0,0,25.3
1,64.8,0,0,0,0,0,0,0,64.8
4,79.1,0,0,0,0,0,0,0,79.1
1,91.8,0,0,0,0,0,0,0,91.8
68,23.6,0,0,0,0,0,0,0,23.6
4,74.3,0,0,0,0,0,0,0,74.3
1,49.6,0,0,0,0,0,0,0,49.6
46,8.5,0,6,0,1,1,2,6,1.21
1,59.1,0,1,0,0,0,0,0,29.55
1,61.8,0,0,0,0,0,0,0,61.8
59,30.8,0,0,0,0,0,0,0,30.8
88,18.1,0,0,0,1,0,1,0,18.1
53,7.2,1,0,1,1,1,3,0,7.2
119,26.7,1,2,1,0,1,2,0,8.9
1,107.8,0,0,0,0,0,0,0,107.8
3,70.8,0,0,0,0,0,0,0,70.8
1,44.6,0,0,0,0,0,0,0,44.6
109,39.7,0,0,0,1,0,1,0,39.7
4,8.0,1,0,0,0,0,1,0,8.0
102,28.4,1,4,1,1,1,4,4,5.68
5,31.3,1,3,0,1,1,2,3,7.82
53,34.8,0,0,0,0,0,0,0,34.8
76,16.1,0,4,1,1,1,3,4,3.22
1,80.3,0,0,0,0,0,0,0,80.3
4,9.8,0,0,0,0,0,0,0,9.8
1,39.4,0,0,0,0,0,0,0,39.4
1,42.0,0,0,0,0,0,0,0,42.0
1,49.3,0,1,0,0,0,0,0,24.65
20,45.8,0,0,0,0,0,0,0,45.8
1,56.6,0,1,0,0,0,0,0,28.3
104,44.1,0,0,0,0,0,0,0,44.1
11,32.0,0,0,0,0,0,0,0,32.0
1,47.8,1,0,0,1,0,2,0,47.8
1,32.7,0,1,0,0,0,0,0,16.35
89,22.7,0,1,1,1,1,2,1,11.35
58,8.5,1,4,0,1,1,3,4,1.7
1,8.0,0,1,0,0,0,0,0,4.0
1,55.9,0,0,0,0,0,0,0,55.9
1,62.4,0,0,0,0,0,0,0,62.4
2,46.8,1,3,0,0,0,1,0,11.7
2,101.3,0,0,0,0,0,0,0,101.3
1,70.4,0,0,0,0,0,0,0,70.4
84,29.1,0,7,1,1,1,3,7,3.64
1,67.3,0,2,0,0,0,0,0,22.43
1,70.5,0,0,0,0,0,0,0,70.5
106,23.9,1,3,0,0,1,1,0,5.98
1,60.5,0,0,0,0,0,0,0,60.5
42,19.7,1,2,1,0,1,2,0,6.57
1,55.1,1,1,0,0,0,1,0,27.55
71,31.7,1,5,1,1,1,4,5,5.28
41,20.1,1,3,1,1,1,3,3,5.03
18,14.2,1,4,1,0,1,3,0,2.84
1,96.3,0,0,0,0,0,0,0,96.3
1,58.0,0,0,0,0,0,0,0,58.0
98,13.5,0,2,0,0,0,0,0,4.5
1,85.7,0,0,0,0,0,0,0,85.7
1,46.6,0,2,0,0,0,0,0,15.53
58,5.6,1,2,1,0,1,2,0,1.87
88,27.3,0,1,1,0,1,1,0,13.65
2,38.0,0,0,0,1,0,1,0,38.0
1,65.6,0,0,0,0,0,0,0,65.6
1,20.7,0,1,0,0,0,0,0,10.35
1,108.9,0,1,0,0,0,0,0,54.45
116,11.7,1,4,1,1,1,4,4,2.34
75,41.0,0,0,0,0,0,0,0,41.0
21,10.5,0,6,0,1,1,2,6,1.5
1,111.3,0,0,0,0,0,0,0,111.3
18,21.7,0,0,0,1,0,1,0,21.7
1,74.8,0,0,1,0,0,1,0,74.8
113,5.8,1,1,0,1,1,2,1,2.9
1,122.1,0,1,0,0,0,0,0,61.05
1,79.2,0,0,0,0,0,0,0,79.2
119,11.4,1,2,0,1,1,2,2,3.8
1,56.0,0,1,0,0,0,0,0,28.0
89,25.7,0,3,0,0,0,0,0,6.42
69,26.3,0,4,1,1,1,3,4,5.26
85,23.9,0,0,1,0,1,1,0,23.9
4,8.0,0,1,0,0,0,0,0,4.0
68,23.9,0,3,1,1,1,2,3,5.98
43,21.1,1,7,0,0,1,2,0,2.64
1,40.4,0,1,0,0,0,0,0,20.2
2,77.1,0,1,0,0,0,0,0,38.55
1,49.6,0,0,0,0,0,0,0,49.6
54,28.4,1,3,1,0,1,2,0,7.1
4,28.4,0,0,0,0,0,0,0,28.4
1,67.1,0,0,0,0,0,0,0,67.1
1,59.1,0,0,0,0,0,0,0,59.1
1,65.6,0,0,0,0,0,0,0,65.6
12,29.0,0,0,1,1,1,2,0,29.0
1,42.0,0,2,0,0,0,0,0,14.0
1,77.4,0,0,0,0,0,0,0,77.4
1,49.8,0,2,0,0,0,0,0,16.6
49,13.7,0,4,1,0,1,2,0,2.74
4,48.6,0,0,0,0,0,0,0,48.6
1,38.3,0,0,0,0,0,0,0,38.3
2,48.2,0,0,0,0,0,0,0,48.2
1,45.1,0,0,0,0,0,0,0,45.1
2,63.7,0,0,0,0,0,0,0,63.7
2,91.8,0,1,0,0,0,0,0,45.9
101,23.5,0,0,0,0,0,0,0,23.5
1,40.9,0,2,0,0,0,0,0,13.63
1,73.7,0,0,0,0,0,0,0,73.7
62,15.5,1,2,1,1,1,3,2,5.17
78,11.4,0,0,0,0,0,0,0,11.4
2,22.5,1,1,1,1,1,3,1,11.25
1,45.7,0,0,0,0,0,0,0,45.7
1,35.3,0,0,0,0,0,0,0,35.3
1,51.8,0,0,0,0,0,0,0,51.8
1,103.1,0,0,0,0,0,0,0,103.1
31,9.0,0,4,0,0,1,1,0,1.8
118,32.2,1,1,1,0,1,2,0,16.1
72,4.2,1,2,1,0,1,2,0,1.4
119,18.3,0,3,0,0,0,0,0,4.58
110,26.9,1,1,0,0,1,1,0,13.45
3,64.8,0,0,0,0,0,0,0,64.8
61,17.6,1,5,1,0,1,3,0,2.93
1,46.5,0,0,0,0,0,0,0,46.5
1,97.9,0,1,0,0,0,0,0,48.95
119,18.0,0,0,0,1,0,1,0,18.0
1,62.3,0,0,0,0,0,0,0,62.3
116,19.9,0,5,1,1,1,3,5,3.32
63,17.6,1,3,1,1,1,3,3,4.4
1,66.2,0,0,0,0,0,0,0,66.2
14,36.0,0,2,0,0,0,0,0,12.0
1,38.0,0,0,0,0,0,0,0,38.0
1,8.0,1,0,0,0,0,1,0,8.0
63,30.6,0,2,0,0,0,0,0,10.2
26,22.5,1,3,1,1,1,3,3,5.62
118,9.6,0,5,1,0,1,2,0,1.6
1,38.2,0,0,0,0,0,0,0,38.2
1,8.0,0,1,0,0,0,0,0,4.0
109,32.0,1,5,1,1,1,4,5,5.33
1,86.9,0,2,0,0,0,0,0,28.97
1,67.4,0,0,0,0,0,0,0,67.4
1,75.7,0,0,0,0,0,0,0,75.7
1,30.5,0,0,0,0,0,0,0,30.5
1,10.6,0,0,0,0,0,0,0,10.6
56,5.2,0,1,1,1,1,2,1,2.6
118,25.4,1,4,1,1,1,4,4,5.08
1,62.5,0,0,0,0,0,0,0,62.5
95,3.3,1,7,0,1,1,3,7,0.41
119,18.0,1,4,1,1,1,4,4,3.6
91,25.1,1,5,1,1,1,4,5,4.18
47,21.7,1,2,1,1,1,3,2,7.23
3,30.1,0,0,0,0,0,0,0,30.1
1,79.4,0,0,0,0,0,0,0,79.4
1,78.6,0,0,0,0,0,0,0,78.6
64,7.3,1,6,0,0,1,2,0,1.04
2,57.1,0,0,0,0,0,0,0,57.1
50,4.9,1,2,1,1,1,3,2,1.63
1,82.2,0,0,1,0,0,1,0,82.2
52,16.6,0,1,0,0,1,0,0,8.3
80,39.8,0,1,0,0,0,0,0,19.9
67,16.6,1,5,0,0,1,2,0,2.77
1,44.8,0,0,0,0,0,0,0,44.8
1,32.6,0,1,0,1,0,1,1,16.3
115,14.6,0,0,1,1,1,2,0,14.6
1,78.6,0,0,0,1,0,1,0,78.6
83,24.7,0,0,0,0,0,0,0,24.7
43,37.6,0,1,0,0,0,0,0,18.8
58,2.6,0,0,0,0,1,0,0,2.6
1,118.7,1,0,0,0,0,1,0,118.7
104,26.8,1,6,1,1,1,4,6,3.83
1,63.3,0,2,0,0,0,0,0,21.1
33,4.3,0,5,1,0,1,2,0,0.72
1,61.8,0,0,0,0,0,0,0,61.8
4,102.6,0,0,0,0,0,0,0,102.6
84,34.9,0,4,1,1,1,3,4,6.98
1,59.2,0,0,0,0,0,0,0,59.2
53,3.1,1,5,1,0,1,3,0,0.52
69,28.8,0,4,1,0,1,2,0,5.76
1,70.9,0,0,0,0,0,0,0,70.9
45,46.1,0,0,0,1,0,1,0,46.1
1,72.5,0,0,0,0,0,0,0,72.5
1,15.3,0,0,0,0,0,0,0,15.3
1,63.6,0,0,0,0,0,0,0,63.6
76,30.7,1,1,0,1,1,2,1,15.35
1,41.5,0,0,0,0,0,0,0,41.5
1,46.9,0,1,0,0,0,0,0,23.45
2,51.8,1,1,0,0,0,1,0,25.9
1,99.8,0,0,0,0,0,0,0,99.8
1,66.6,0,0,0,0,0,0,0,66.6
1,8.0,0,0,0,0,0,0,0,8.0
1,49.7,0,0,0,0,0,0,0,49.7
1,51.0,0,0,0,0,0,0,0,51.0
14,22.0,1,3,1,0,1,2,0,5.5
1,57.5,0,0,0,0,0,0,0,57.5
1,77.2,1,1,0,0,0,1,0,38.6
44,32.3,1,3,1,1,1,3,3,8.07
1,31.3,0,1,0,0,0,0,0,15.65
18,23.3,0,0,0,0,0,0,0,23.3
1,97.7,0,0,0,0,0,0,0,97.7
84,26.9,1,7,1,0,1,3,0,3.36
73,30.9,1,2,0,0,1,1,0,10.3
1,71.1,0,0,0,0,0,0,0,71.1
49,21.8,1,4,1,1,1,4,4,4.36
44,46.6,0,0,0,0,0,0,0,46.6
1,38.8,0,0,0,0,0,0,0,38.8
1,95.5,0,0,0,0,0,0,0,95.5
2,71.7,0,0,0,0,0,0,0,71.7
1,83.0,0,3,0,0,0,0,0,20.75
4,59.7,0,1,0,0,0,0,0,29.85
1,77.4,0,0,0,0,0,0,0,77.4
1,92.8,0,0,0,0,0,0,0,92.8
77,16.4,1,2,1,1,1,3,2,5.47
108,20.1,1,2,1,0,1,2,0,6.7
1,63.4,0,0,0,0,0,0,0,63.4
1,89.0,0,0,0,0,0,0,0,89.0
1,84.5,0,0,0,0,0,0,0,84.5
52,26.3,0,2,1,1,1,2,2,8.77
4,96.6,0,1,0,0,0,0,0,48.3
117,28.3,1,2,1,1,1,3,2,9.43
1,69.1,0,0,0,0,0,0,0,69.1
38,37.3,0,0,0,0,0,0,0,37.3
113,28.6,0,1,1,1,1,2,1,14.3
1,42.7,0,0,0,0,0,0,0,42.7
1,46.2,0,0,0,0,0,0,0,46.2
1,51.6,0,0,0,0,0,0,0,51.6
1,42.1,0,1,0,0,0,0,0,21.05
1,71.9,1,0,0,0,0,1,0,71.9
38,29.8,0,1,0,0,0,0,0,14.9
1,41.6,0,1,0,0,0,0,0,20.8
95,27.2,0,0,0,0,0,0,0,27.2
1,62.0,0,0,0,0,0,0,0,62.0
33,11.1,1,3,0,1,1,2,3,2.78
1,51.4,0,0,0,0,0,0,0,51.4
3,36.3,0,1,0,0,0,0,0,18.15
1,46.5,0,0,0,0,0,0,0,46.5
1,32.0,0,3,0,0,0,0,0,8.0
1,35.6,0,0,0,0,0,0,0,35.6
1,39.6,0,0,0,0,0,0,0,39.6
1,58.3,1,1,0,0,0,1,0,29.15
61,17.0,0,1,1,0,1,1,0,8.5
4,58.4,0,0,0,1,0,1,0,58.4
88,35.8,0,0,0,0,0,0,0,35.8
8,16.2,1,1,0,1,1,2,1,8.1
109,6.1,0,3,0,1,1,1,3,1.52
1,136.9,0,2,0,0,0,0,0,45.63
44,13.4,1,6,1,0,1,3,0,1.91
45,7.9,0,3,1,1,1,2,3,1.98
108,11.8,1,5,0,1,1,3,5,1.97
1,25.1,1,0,0,0,0,1,0,25.1
1,33.0,0,3,0,0,0,0,0,8.25
1,51.0,0,1,0,0,0,0,0,25.5
76,29.9,0,3,1,1,1,2,3,7.48
47,22.4,1,4,1,0,1,3,0,4.48
56,22.9,0,0,1,1,1,2,0,22.9
31,31.0,0,1,0,0,0,0,0,15.5
1,98.3,0,1,0,0,0,0,0,49.15
1,38.0,0,0,0,0,0,0,0,38.0
1,34.7,0,0,0,1,0,1,0,34.7
118,26.4,0,1,0,1,1,1,1,13.2
1,69.5,0,0,0,0,0,0,0,69.5
4,67.0,0,0,0,0,0,0,0,67.0
2,57.5,0,1,0,0,0,0,0,28.75
4,78.9,0,0,0,0,0,0,0,78.9
1,64.0,0,1,0,0,0,0,0,32.0
1,66.6,1,0,0,0,0,1,0,66.6
1,71.8,0,2,0,0,0,0,0,23.93
1,65.0,0,0,0,0,0,0,0,65.0
76,30.6,0,0,0,0,0,0,0,30.6
1,46.5,0,1,0,0,0,0,0,23.25
60,4.0,0,2,1,1,1,2,2,1.33
1,75.7,0,1,0,0,0,0,0,37.85
3,35.9,0,0,0,0,0,0,0,35.9
1,57.1,0,0,0,0,0,0,0,57.1
1,65.2,0,0,0,0,0,0,0,65.2
1,80.7,0,0,0,0,0,0,0,80.7
1,56.2,0,1,0,0,0,0,0,28.1
1,40.8,0,0,0,0,0,0,0,40.8
1,64.9,0,0,0,0,0,0,0,64.9
1,75.5,0,0,0,0,0,0,0,75.5
1,103.5,0,0,0,0,0,0,0,103.5
1,36.9,0,1,0,0,0,0,0,18.45
1,84.6,0,0,0,0,0,0,0,84.6
50,33.6,1,0,1,0,1,2,0,33.6
2,8.0,0,0,0,0,0,0,0,8.0
1,55.5,0,0,0,1,0,1,0,55.5
1,87.4,0,0,0,1,0,1,0,87.4
73,6.6,0,5,1,1,1,3,5,1.1
1,8.0,0,1,0,0,0,0,0,4.0
58,16.0,1,1,1,1,1,3,1,8.0
1,54.6,0,1,0,0,0,0,0,27.3
105,9.3,1,2,1,1,1,3,2,3.1
1,80.9,0,3,0,0,0,0,0,20.23
1,27.8,0,0,0,0,0,0,0,27.8
115,22.0,1,0,1,1,1,3,0,22.0
1,8.0,0,0,0,0,0,0,0,8.0
47,29.4,1,2,0,0,1,1,0,9.8
119,45.7,0,0,0,1,0,1,0,45.7
1,61.9,0,0,0,0,0,0,0,61.9
55,32.8,1,3,1,1,1,3,3,8.2
1,49.7,0,0,0,0,0,0,0,49.7
103,14.6,1,3,1,0,1,2,0,3.65
12,38.6,0,0,0,0,0,0,0,38.6
107,25.1,1,3,1,0,1,2,0,6.28
74,35.2,0,0,0,0,0,0,0,35.2
33,33.6,1,0,0,0,0,1,0,33.6
29,17.8,0,4,1,0,1,2,0,3.56
1,71.2,0,0,0,0,0,0,0,71.2
34,28.7,0,2,0,0,0,0,0,9.57
4,28.4,0,0,0,0,0,0,0,28.4
26,20.9,1,3,0,0,1,1,0,5.22
1,86.9,0,1,0,0,0,0,0,43.45
2,59.0,0,0,0,0,0,0,0,59.0
1,66.1,0,0,0,0,0,0,0,66.1
1,100.6,1,0,0,0,0,1,0,100.6
1,59.4,0,3,0,0,0,0,0,14.85
1,65.2,0,0,0,0,0,0,0,65.2
63,45.7,0,1,0,0,0,0,0,22.85
3,76.3,0,0,0,0,0,0,0,76.3
1,16.7,0,1,0,0,0,0,0,8.35
1,71.5,0,1,0,0,0,0,0,35.75
3,8.0,0,2,0,0,0,0,0,2.67
113,30.7,1,4,1,0,1,3,0,6.14
36,4.7,0,6,1,1,1,3,6,0.67
1,38.3,0,0,0,0,0,0,0,38.3
2,69.0,0,0,0,0,0,0,0,69.0
93,33.2,1,4,1,1,1,4,4,6.64
39,29.8,1,5,1,1,1,4,5,4.97
95,13.5,0,3,0,0,1,0,0,3.38
69,12.6,1,2,1,1,1,3,2,4.2
1,40.3,0,0,0,0,0,0,0,40.3
1,44.7,0,0,0,0,0,0,0,44.7
1,38.5,0,0,0,0,0,0,0,38.5
3,55.2,0,0,0,0,0,0,0,55.2
88,13.2,0,1,0,0,0,0,0,6.6
1,63.1,0,0,0,0,0,0,0,63.1
1,66.8,0,0,0,0,0,0,0,66.8
2,77.1,0,0,0,0,0,0,0,77.1
81,9.6,0,1,1,1,1,2,1,4.8
27,4.3,1,5,0,0,1,2,0,0.72
2,81.3,0,0,0,0,0,0,0,81.3
11,23.2,1,4,1,1,1,4,4,4.64
1,79.2,0,0,0,0,0,0,0,79.2
114,46.6,0,1,0,0,0,0,0,23.3
1,112.2,0,1,1,0,0,1,0,56.1
1,48.1,1,0,0,0,0,1,0,48.1
30,13.4,0,4,1,0,1,2,0,2.68
23,17.5,0,1,0,0,0,0,0,8.75
20,32.2,0,2,1,1,1,2,2,10.73
52,40.7,0,0,0,0,0,0,0,40.7
3,66.2,0,0,0,0,0,0,0,66.2
61,29.3,1,5,1,1,1,4,5,4.88
17,22.9,0,5,1,0,1,2,0,3.82
3,44.1,0,1,0,0,0,0,0,22.05
80,8.5,1,3,1,1,1,3,3,2.12
1,50.6,0,1,0,0,0,0,0,25.3
1,24.2,1,0,0,0,0,1,0,24.2
86,20.2,1,0,0,1,1,2,0,20.2
1,72.3,0,0,0,0,0,0,0,72.3
1,70.5,0,0,0,0,0,0,0,70.5
77,19.6,1,2,1,1,1,3,2,6.53
77,3.6,0,0,0,1,1,1,0,3.6
1,90.7,0,0,0,0,0,0,0,90.7
6,14.3,1,2,1,1,1,3,2,4.77
1,65.6,0,0,0,0,0,0,0,65.6
1,61.8,0,0,0,0,0,0,0,61.8
1,36.8,0,0,1,0,0,1,0,36.8
1,51.2,0,0,0,0,0,0,0,51.2
2,43.0,1,2,0,0,0,1,0,14.33
1,8.0,0,0,0,0,0,0,0,8.0
3,67.7,0,1,0,0,0,0,0,33.85
1,69.7,0,0,0,0,0,0,0,69.7
51,13.3,1,3,1,1,1,3,3,3.32
1,53.0,0,0,0,0,0,0,0,53.0
73,12.0,0,0,1,1,1,2,0,12.0
1,41.0,0,0,0,0,0,0,0,41.0
2,26.1,1,1,0,0,0,1,0,13.05
1,56.7,0,0,0,0,0,0,0,56.7
1,21.6,0,0,0,0,0,0,0,21.6
1,89.8,0,0,0,0,0,0,0,89.8
3,73.0,0,0,0,0,0,0,0,73.0
42,41.0,0,0,0,0,0,0,0,41.0
1,70.6,0,0,0,0,0,0,0,70.6
92,32.1,1,2,0,1,1,2,2,10.7
1,69.7,0,0,0,1,0,1,0,69.7
55,32.1,1,5,1,1,1,4,5,5.35
1,43.1,0,0,0,0,0,0,0,43.1
1,88.1,1,2,0,0,0,1,0,29.37
2,92.3,0,0,0,0,0,0,0,92.3
82,3.6,0,0,1,1,1,2,0,3.6
87,31.6,1,0,1,1,1,3,0,31.6
36,15.8,0,1,0,1,0,1,1,7.9
64,11.9,0,3,1,1,1,2,3,2.98
1,70.6,0,0,0,1,0,1,0,70.6
80,25.1,0,7,1,0,1,2,0,3.14
41,14.1,0,2,1,0,1,1,0,4.7
81,15.1,0,0,1,1,1,2,0,15.1
8,23.2,1,3,1,0,1,2,0,5.8
1,25.3,0,2,0,0,0,0,0,8.43
1,47.7,0,0,0,0,0,0,0,47.7
1,61.1,1,1,0,0,0,1,0,30.55
86,2.9,0,7,1,0,1,2,0,0.36
68,29.4,0,0,0,0,0,0,0,29.4
3,77.1,0,0,0,0,0,0,0,77.1
1,55.4,0,0,0,0,0,0,0,55.4
27,21.5,0,3,0,0,0,0,0,5.38
90,31.7,0,0,1,1,1,2,0,31.7
75,21.4,1,0,0,1,1,2,0,21.4
1,17.5,0,0,0,0,0,0,0,17.5
1,35.4,0,0,0,0,0,0,0,35.4
1,80.3,0,0,0,0,0,0,0,80.3
90,26.3,0,0,0,0,0,0,0,26.3
1,47.2,0,1,0,0,0,0,0,23.6
1,105.2,0,0,0,0,0,0,0,105.2
30,13.7,0,5,1,0,1,2,0,2.28
1,26.7,0,0,0,0,0,0,0,26.7
50,19.0,0,5,1,1,1,3,5,3.17
1,42.5,0,0,0,1,0,1,0,42.5
54,28.6,1,2,0,1,1,2,2,9.53
99,4.3,1,3,1,1,1,3,3,1.08
16,33.4,1,3,0,1,1,2,3,8.35
1,101.0,0,0,0,0,0,0,0,101.0
1,56.8,0,1,0,0,0,0,0,28.4
1,72.7,0,0,0,0,0,0,0,72.7
1,52.8,0,0,0,1,0,1,0,52.8
2,57.1,0,0,0,0,0,0,0,57.1
1,8.0,0,1,0,0,0,0,0,4.0
1,45.3,0,0,0,0,0,0,0,45.3
3,105.8,0,3,0,0,0,0,0,26.45
76,3.5,0,4,0,1,1,2,4,0.7
108,19.3,1,2,0,1,1,2,2,6.43
1,69.2,0,1,1,0,0,1,0,34.6
98,38.4,0,0,0,0,0,0,0,38.4
25,22.8,1,2,1,1,1,3,2,7.6
1,39.4,0,0,0,0,0,0,0,39.4
37,19.1,0,1,0,0,0,0,0,9.55
28,37.6,0,0,0,0,0,0,0,37.6
2,61.7,0,1,0,0,0,0,0,30.85
1,81.1,0,0,0,0,0,0,0,81.1
1,75.1,0,0,0,0,0,0,0,75.1
1,55.9,0,1,0,0,0,0,0,27.95
96,5.7,1,1,1,1,1,3,1,2.85
1,59.4,0,1,0,1,0,1,1,29.7
89,22.1,1,4,1,0,1,3,0,4.42
1,79.0,0,1,0,0,0,0,0,39.5
1,94.7,0,0,0,0,0,0,0,94.7
1,25.1,0,1,0,0,0,0,0,12.55
107,31.5,0,3,1,1,1,2,3,7.88
114,7.3,0,5,1,1,1,3,5,1.22
1,76.0,0,0,0,0,0,0,0,76.0
1,64.9,0,0,0,0,0,0,0,64.9
75,28.7,1,4,0,0,1,2,0,5.74
74,12.1,1,1,0,0,0,1,0,6.05
3,47.6,0,0,0,0,0,0,0,47.6
69,21.8,0,1,1,0,1,1,0,10.9
1,69.5,0,1,0,0,0,0,0,34.75
62,37.6,0,1,0,0,0,0,0,18.8
1,81.8,0,0,0,0,0,0,0,81.8
1,86.6,0,0,0,0,0,0,0,86.6
109,4.5,1,3,1,1,1,3,3,1.12
2,81.0,0,0,0,0,0,0,0,81.0
2,41.1,0,0,0,0,0,0,0,41.1
28,5.9,1,1,1,1,1,3,1,2.95
39,14.2,1,5,0,0,1,2,0,2.37
2,41.3,0,0,0,0,0,0,0,41.3
1,25.5,0,0,0,0,0,0,0,25.5
76,14.3,1,5,1,1,1,4,5,2.38
17,27.4,0,2,0,0,0,0,0,9.13
1,49.6,0,2,0,1,0,1,2,16.53
1,48.8,1,0,0,1,0,2,0,48.8
3,9.5,0,0,0,0,0,0,0,9.5
1,8.0,0,0,0,0,0,0,0,8.0
1,51.6,0,0,0,0,0,0,0,51.6
4,108.1,0,2,0,0,0,0,0,36.03
1,8.0,0,1,0,0,0,0,0,4.0
100,7.4,0,3,1,1,1,2,3,1.85
2,54.9,0,0,0,0,0,0,0,54.9
1,97.0,0,0,0,0,0,0,0,97.0
1,33.2,0,0,0,0,0,0,0,33.2
13,12.8,1,1,0,1,1,2,1,6.4
41,8.9,0,3,1,1,1,2,3,2.22
1,37.1,0,0,0,0,0,0,0,37.1
2,30.0,0,0,0,0,0,0,0,30.0
112,26.2,1,1,0,1,1,2,1,13.1
1,30.1,0,2,0,0,0,0,0,10.03
1,99.7,0,0,0,0,0,0,0,99.7
1,58.0,0,0,0,0,0,0,0,58.0
110,19.0,0,1,1,0,1,1,0,9.5
3,87.5,0,0,0,0,0,0,0,87.5
1,49.4,0,0,0,0,0,0,0,49.4
16,12.7,1,5,1,1,1,4,5,2.12
1,54.8,0,0,0,0,0,0,0,54.8
2,8.0,0,3,0,0,0,0,0,2.0
1,75.1,0,1,0,0,0,0,0,37.55
1,60.0,0,0,0,0,0,0,0,60.0
2,105.0,0,1,0,0,0,0,0,52.5
1,77.6,0,0,0,0,0,0,0,77.6
62,16.1,0,5,0,1,1,2,5,2.68
22,20.2,1,0,1,0,0,2,0,20.2
64,15.9,0,1,1,0,1,1,0,7.95
2,52.4,0,0,0,0,0,0,0,52.4
119,11.0,0,1,1,0,0,1,0,5.5
3,29.8,1,1,1,0,1,2,0,14.9
77,34.0,0,0,0,1,0,1,0,34.0
1,20.9,0,0,0,0,0,0,0,20.9
96,26.5,0,7,1,1,1,3,7,3.31
2,81.3,0,0,0,1,0,1,0,81.3
1,89.2,0,0,0,0,0,0,0,89.2
94,17.2,0,1,0,1,0,1,1,8.6
119,10.7,0,0,0,0,0,0,0,10.7
1,13.0,0,0,1,0,0,1,0,13.0
1,79.2,0,0,0,0,0,0,0,79.2
1,94.5,0,0,0,0,0,0,0,94.5
110,17.0,0,4,1,1,1,3,4,3.4
2,50.0,0,0,0,0,0,0,0,50.0
2,101.9,0,0,1,0,0,1,0,101.9
29,13.9,1,4,1,1,1,4,4,2.78
34,22.2,1,5,1,1,1,4,5,3.7
4,84.2,0,0,0,0,0,0,0,84.2
1,40.5,1,0,0,0,0,1,0,40.5
2,116.8,0,0,0,0,0,0,0,116.8
1,61.1,0,1,0,0,0,0,0,30.55
1,84.8,0,0,0,0,0,0,0,84.8
94,37.5,0,0,0,0,0,0,0,37.5
1,54.9,0,0,0,0,0,0,0,54.9
86,11.1,0,1,0,0,0,0,0,5.55
102,27.4,0,1,1,0,1,1,0,13.7
1,58.4,0,0,0,0,0,0,0,58.4
2,54.6,0,0,0,0,0,0,0,54.6
94,21.5,0,1,0,0,1,0,0,10.75
1,53.6,0,0,0,0,0,0,0,53.6
36,2.4,1,4,1,0,1,3,0,0.48
97,32.0,1,4,1,1,1,4,4,6.4
89,26.3,1,4,0,1,1,3,4,5.26
65,31.7,0,4,0,1,1,2,4,6.34
27,43.8,0,0,0,0,0,0,0,43.8
79,10.8,1,2,0,1,1,2,2,3.6
1,61.2,0,1,0,0,0,0,0,30.6
2,72.0,0,1,0,0,0,0,0,36.0
113,44.7,0,3,0,0,0,0,0,11.18
113,27.6,1,3,1,0,1,2,0,6.9
1,8.1,0,0,0,0,0,0,0,8.1
54,18.0,0,2,1,1,1,2,2,6.0
116,4.0,1,4,1,0,1,3,0,0.8
27,10.7,0,3,1,1,0,2,3,2.68
54,9.6,0,3,1,0,1,1,0,2.4
60,24.9,1,2,1,1,1,3,2,8.3
111,13.8,0,2,0,0,0,0,0,4.6
2,29.6,0,0,0,0,0,0,0,29.6
1,55.2,0,0,0,0,0,0,0,55.2
1,62.5,0,1,0,0,0,0,0,31.25
1,36.8,0,1,0,0,0,0,0,18.4
1,46.6,0,2,0,0,0,0,0,15.53
28,45.0,0,2,0,0,0,0,0,15.0
99,41.1,0,1,0,0,0,0,0,20.55
1,61.5,1,1,0,0,0,1,0,30.75
1,56.2,0,0,0,0,0,0,0,56.2
83,23.5,0,1,0,0,0,0,0,11.75
111,23.6,0,2,0,0,0,0,0,7.87
38,20.1,1,3,0,1,1,2,3,5.03
1,66.4,0,1,0,0,0,0,0,33.2
4,31.6,0,0,0,0,0,0,0,31.6
2,93.1,0,0,0,0,0,0,0,93.1
2,42.8,0,0,0,0,0,0,0,42.8
1,62.8,0,0,0,0,0,0,0,62.8
1,122.8,0,0,0,0,0,0,0,122.8
1,40.5,1,0,0,0,0,1,0,40.5
1,106.4,0,0,0,0,0,0,0,106.4
1,8.0,0,0,0,1,0,1,0,8.0
62,31.4,0,0,1,0,1,1,0,31.4
1,67.7,0,0,0,0,0,0,0,67.7
2,38.7,0,0,0,0,0,0,0,38.7
1,34.6,0,0,0,0,0,0,0,34.6
19,9.5,0,3,1,0,1,1,0,2.38
1,39.1,0,0,0,0,0,0,0,39.1
1,56.9,0,1,0,0,0,0,0,28.45
44,23.6,0,3,0,0,0,0,0,5.9
29,23.7,0,5,1,0,1,2,0,3.95
1,17.4,0,1,0,0,0,0,0,8.7
107,41.7,0,0,0,0,0,0,0,41.7
22,20.8,1,5,1,1,1,4,5,3.47
1,23.1,0,0,0,0,0,0,0,23.1
87,34.8,0,1,1,0,0,1,0,17.4
10,9.6,1,5,0,0,1,2,0,1.6
95,33.0,1,5,1,1,1,4,5,5.5
47,23.7,0,2,0,0,0,0,0,7.9
3,37.6,0,0,0,0,0,0,0,37.6
1,53.9,0,0,0,0,0,0,0,53.9
61,28.9,1,0,1,0,1,2,0,28.9
1,42.3,0,1,0,0,0,0,0,21.15
81,16.6,0,0,0,0,0,0,0,16.6
59,21.5,0,4,1,0,1,2,0,4.3
28,20.9,1,3,0,1,1,2,3,5.22
55,18.4,0,6,1,1,1,3,6,2.63
4,11.9,0,1,0,1,1,1,1,5.95
2,68.8,0,0,0,0,0,0,0,68.8
17,23.6,0,3,1,0,1,1,0,5.9
54,32.4,1,3,1,1,1,3,3,8.1
40,20.1,1,1,0,1,1,2,1,10.05
23,21.3,0,1,0,1,1,1,1,10.65
1,27.2,0,0,0,0,0,0,0,27.2
37,4.0,0,4,1,0,1,2,0,0.8
96,32.7,1,1,1,1,1,3,1,16.35
1,80.7,0,0,0,0,0,0,0,80.7
24,27.9,1,6,1,1,1,4,6,3.99
1,41.0,0,0,0,0,0,0,0,41.0
1,72.2,0,0,0,0,0,0,0,72.2
1,88.7,0,0,0,0,0,0,0,88.7
1,78.3,0,0,0,1,0,1,0,78.3
58,6.2,1,3,0,1,1,2,3,1.55
1,56.5,0,0,0,0,0,0,0,56.5
1,47.2,0,0,0,0,0,0,0,47.2
84,40.1,0,0,0,0,0,0,0,40.1
42,12.0,1,1,1,0,1,2,0,6.0
99,25.7,0,0,0,1,0,1,0,25.7
61,27.0,1,4,1,1,1,4,4,5.4
56,17.1,1,4,0,0,1,2,0,3.42
2,8.0,0,0,0,0,0,0,0,8.0
1,15.2,0,1,1,1,0,2,1,7.6
94,38.6,0,0,0,0,0,0,0,38.6
2,82.2,0,0,0,0,0,0,0,82.2
1,56.0,0,1,0,0,0,0,0,28.0
1,100.2,0,1,0,0,0,0,0,50.1
1,53.6,0,1,0,0,0,0,0,26.8
1,108.0,0,0,0,0,0,0,0,108.0
2,78.3,0,0,0,0,0,0,0,78.3
1,56.2,0,0,0,0,0,0,0,56.2
96,25.1,1,7,0,1,1,3,7,3.14
61,11.9,0,0,0,1,1,1,0,11.9
1,61.3,0,0,0,0,0,0,0,61.3
117,26.1,0,5,0,1,1,2,5,4.35
1,80.7,0,3,0,0,0,0,0,20.18
37,21.0,0,0,0,0,0,0,0,21.0
80,5.9,0,3,1,1,1,2,3,1.48
26,32.9,1,4,1,1,1,4,4,6.58
2,54.4,0,1,0,0,0,0,0,27.2
1,35.1,0,1,0,0,0,0,0,17.55
1,57.5,0,0,0,0,0,0,0,57.5
89,8.0,0,4,1,1,1,3,4,1.6
2,66.0,0,1,0,0,0,0,0,33.0
1,28.2,0,0,0,1,0,1,0,28.2
52,33.6,1,1,1,1,1,3,1,16.8
113,25.3,0,0,0,0,0,0,0,25.3
1,58.7,0,0,0,0,0,0,0,58.7
40,12.6,1,4,1,1,1,4,4,2.52
2,65.1,0,0,0,0,0,0,0,65.1
56,14.3,1,3,1,1,1,3,3,3.58
1,99.7,0,0,0,0,0,0,0,99.7
47,6.0,1,3,0,1,1,2,3,1.5
1,72.4,1,0,0,0,0,1,0,72.4
65,20.7,0,2,1,1,1,2,2,6.9
1,54.3,0,0,0,0,0,0,0,54.3
1,26.0,0,2,0,0,0,0,0,8.67
44,17.8,0,3,0,0,0,0,0,4.45
1,100.7,0,0,0,0,0,0,0,100.7
1,70.5,0,0,0,0,0,0,0,70.5
42,30.1,0,3,0,0,0,0,0,7.52
1,55.9,0,0,0,1,0,1,0,55.9
1,63.9,0,0,1,0,0,1,0,63.9
1,68.3,0,1,0,0,0,0,0,34.15
15,28.1,1,3,0,0,1,1,0,7.02
1,91.3,0,0,0,0,0,0,0,91.3
1,27.9,0,0,0,0,0,0,0,27.9
2,75.1,0,0,0,0,0,0,0,75.1
35,49.2,0,3,0,0,0,0,0,12.3
103,10.7,1,5,1,1,1,4,5,1.78
35,4.7,1,2,1,1,1,3,2,1.57
3,77.0,0,2,0,0,0,0,0,25.67
42,25.5,1,0,0,1,1,2,0,25.5
1,77.9,0,0,0,0,0,0,0,77.9
1,71.6,0,0,0,0,0,0,0,71.6
71,34.6,1,2,1,0,1,2,0,11.53
1,59.8,0,2,0,0,0,0,0,19.93
85,44.7,0,3,0,1,0,1,3,11.18
10,29.7,1,5,1,1,1,4,5,4.95
64,31.6,1,3,0,1,1,2,3,7.9
1,74.9,0,0,0,0,0,0,0,74.9
75,33.8,0,2,0,0,1,0,0,11.27
1,48.1,0,0,0,0,0,0,0,48.1
2,61.7,0,0,0,0,0,0,0,61.7
64,2.9,1,4,0,0,1,2,0,0.58
1,56.1,0,0,0,0,0,0,0,56.1
2,94.8,0,1,0,0,0,0,0,47.4
52,15.1,1,4,1,0,1,3,0,3.02
29,4.7,1,4,0,0,1,2,0,0.94
17,17.0,1,1,0,1,1,2,1,8.5
99,10.5,1,0,1,0,1,2,0,10.5
106,30.4,0,6,0,0,1,1,0,4.34
1,66.6,0,2,0,0,0,0,0,22.2
1,49.7,0,0,0,0,0,0,0,49.7
1,54.3,0,1,0,0,0,0,0,27.15
1,99.1,0,0,0,1,0,1,0,99.1
4,61.5,0,0,0,0,0,0,0,61.5
111,5.8,0,3,1,0,1,1,0,1.45
80,5.2,1,4,0,0,1,2,0,1.04
119,30.0,0,0,0,0,0,0,0,30.0
1,38.6,0,0,0,0,0,0,0,38.6
84,8.5,1,4,1,0,1,3,0,1.7
74,29.0,1,0,0,1,1,2,0,29.0
115,29.7,1,6,0,1,1,3,6,4.24
1,27.7,0,0,0,0,0,0,0,27.7
90,23.0,1,1,0,0,1,1,0,11.5
1,61.7,0,3,0,0,0,0,0,15.42
17,27.1,0,2,1,1,1,2,2,9.03
46,47.0,0,2,0,0,0,0,0,15.67
1,82.5,0,0,0,0,0,0,0,82.5
1,70.6,0,1,0,0,0,0,0,35.3
1,77.3,0,0,0,0,0,0,0,77.3
35,21.5,1,2,0,0,1,1,0,7.17
1,82.2,0,0,0,0,0,0,0,82.2
45,23.5,1,6,0,1,1,3,6,3.36
1,60.6,0,0,0,0,0,0,0,60.6
1,8.0,0,0,0,0,0,0,0,8.0
3,79.6,0,0,0,0,0,0,0,79.6
118,28.7,1,2,1,1,1,3,2,9.57
54,13.1,1,3,1,1,1,3,3,3.28
41,33.6,0,4,1,0,1,2,0,6.72
84,30.6,1,4,1,0,1,3,0,6.12
67,11.3,1,6,1,0,1,3,0,1.61
16,28.7,1,1,0,1,1,2,1,14.35
81,16.3,0,1,1,1,1,2,1,8.15
1,100.5,0,1,0,0,0,0,0,50.25
11,30.5,1,3,1,1,1,3,3,7.62
41,12.7,0,2,1,0,1,1,0,4.23
1,55.1,1,0,0,0,0,1,0,55.1
1,56.9,0,0,0,0,0,0,0,56.9
95,32.3,1,2,1,1,1,3,2,10.77
1,23.1,1,0,0,0,0,1,0,23.1
2,67.8,0,0,0,0,0,0,0,67.8
1,66.9,0,0,0,0,0,0,0,66.9
8,25.0,1,4,1,0,1,3,0,5.0
1,47.1,0,1,0,0,0,0,0,23.55
1,89.3,0,0,0,0,0,0,0,89.3
89,40.1,0,2,0,0,0,0,0,13.37
2,41.0,0,0,0,0,0,0,0,41.0
117,34.0,1,5,1,0,1,3,0,5.67
1,55.0,1,0,0,0,0,1,0,55.0
41,40.2,1,0,0,0,0,1,0,40.2
1,59.0,0,0,0,0,0,0,0,59.0
85,25.3,0,2,0,0,0,0,0,8.43
1,34.9,0,0,0,0,0,0,0,34.9
13,28.2,0,1,0,0,0,0,0,14.1
37,12.0,1,5,1,0,1,3,0,2.0
1,51.5,0,0,0,0,0,0,0,51.5
1,93.2,0,0,0,0,0,0,0,93.2
1,45.6,0,0,0,1,0,1,0,45.6
1,17.7,0,0,0,0,0,0,0,17.7
56,14.7,0,1,1,0,1,1,0,7.35
96,19.7,0,1,0,0,0,0,0,9.85
4,24.6,0,0,0,0,0,0,0,24.6
95,32.2,1,0,1,0,1,2,0,32.2
1,54.0,0,2,0,0,0,0,0,18.0
110,41.0,0,3,0,0,0,0,0,10.25
2,24.4,0,0,0,0,0,0,0,24.4
18,32.5,0,4,1,1,1,3,4,6.5
1,33.7,0,0,0,0,0,0,0,33.7
4,78.7,0,1,0,0,0,0,0,39.35
1,19.6,0,0,0,0,0,0,0,19.6
4,18.4,1,3,1,1,1,3,3,4.6
1,33.5,0,0,0,0,0,0,0,33.5
114,44.9,0,0,0,0,0,0,0,44.9
49,29.7,1,3,1,0,1,2,0,7.42
2,67.3,1,0,1,0,0,2,0,67.3
1,93.8,0,2,0,1,0,1,2,31.27
1,72.3,0,0,0,0,0,0,0,72.3
1,83.8,0,0,0,0,0,0,0,83.8
3,11.8,0,0,0,0,0,0,0,11.8
3,59.7,0,0,0,0,0,0,0,59.7
1,71.8,0,0,0,0,0,0,0,71.8
1,46.5,0,0,0,0,0,0,0,46.5
3,42.0,0,0,0,0,0,0,0,42.0
1,22.1,0,0,0,0,0,0,0,22.1
58,32.8,1,2,1,0,1,2,0,10.93
1,44.1,0,0,0,1,0,1,0,44.1
1,72.2,0,0,0,0,0,0,0,72.2
9,20.6,1,4,1,1,1,4,4,4.12
18,4.2,0,3,1,1,1,2,3,1.05
119,20.7,1,3,1,1,1,3,3,5.18
98,41.1,0,0,1,0,0,1,0,41.1
1,8.0,0,1,0,0,0,0,0,4.0
1,64.9,0,0,0,0,0,0,0,64.9
55,25.7,1,4,0,0,1,2,0,5.14
2,45.2,0,1,0,0,0,0,0,22.6
109,13.5,1,7,1,0,1,3,0,1.69
1,60.3,0,0,1,0,0,1,0,60.3
1,76.7,0,0,0,0,0,0,0,76.7
1,59.8,0,0,0,0,0,0,0,59.8
88,28.7,1,2,1,1,1,3,2,9.57
1,73.0,0,0,0,0,0,0,0,73.0
50,2.1,0,1,1,0,1,1,0,1.05
1,22.6,0,0,0,0,0,0,0,22.6
1,65.5,1,2,0,0,0,1,0,21.83
64,43.4,0,1,0,0,0,0,0,21.7
27,49.9,1,0,0,1,0,2,0,49.9
1,85.8,0,0,0,0,0,0,0,85.8
39,13.3,0,5,0,1,1,2,5,2.22
86,8.1,0,3,1,1,1,2,3,2.02
1,45.4,0,0,0,0,0,0,0,45.4
1,111.7,0,0,0,0,0,0,0,111.7
1,34.2,0,0,0,0,0,0,0,34.2
1,63.2,0,0,0,0,0,0,0,63.2
2,123.7,0,1,0,0,0,0,0,61.85
1,64.6,1,0,0,1,0,2,0,64.6
53,26.5,0,2,1,0,1,1,0,8.83
103,29.2,1,1,1,1,1,3,1,14.6
1,38.9,0,1,0,0,0,0,0,19.45
2,53.0,0,0,0,0,0,0,0,53.0
2,79.3,0,0,0,0,0,0,0,79.3
1,71.2,0,0,0,0,0,0,0,71.2
2,80.9,0,0,0,0,0,0,0,80.9
17,46.1,0,2,0,1,0,1,2,15.37
26,30.9,0,1,0,1,0,1,1,15.45
28,21.8,1,0,1,1,1,3,0,21.8
1,77.0,0,0,0,0,0,0,0,77.0
2,30.1,0,0,0,0,0,0,0,30.1
81,23.5,0,1,0,0,0,0,0,11.75
1,23.9,0,0,0,0,0,0,0,23.9
2,67.7,0,1,0,0,0,0,0,33.85
1,43.6,0,1,0,0,0,0,0,21.8
3,74.7,0,0,0,1,0,1,0,74.7
1,87.3,0,0,0,0,0,0,0,87.3
1,15.1,0,0,0,0,0,0,0,15.1
1,33.2,0,1,0,1,0,1,1,16.6
1,38.0,1,0,0,0,0,1,0,38.0
42,33.5,1,5,0,0,1,2,0,5.58
46,33.3,0,3,1,0,1,1,0,8.32
17,3.7,1,2,0,0,1,1,0,1.23
117,33.3,1,3,1,1,1,3,3,8.32
2,53.6,0,0,0,0,0,0,0,53.6
1,68.9,0,0,0,0,0,0,0,68.9
14,6.0,1,4,0,1,1,3,4,1.2
1,75.2,0,0,0,0,0,0,0,75.2
30,31.1,0,5,1,0,1,2,0,5.18
1,56.5,0,0,0,0,0,0,0,56.5
103,13.2,1,3,1,1,1,3,3,3.3
1,64.6,0,0,0,0,0,0,0,64.6
1,47.0,1,1,0,0,0,1,0,23.5
102,45.9,0,0,0,1,0,1,0,45.9
1,32.1,0,0,0,0,0,0,0,32.1
1,46.3,0,0,0,0,0,0,0,46.3
3,77.4,0,0,0,0,0,0,0,77.4
1,30.8,0,1,0,0,0,0,0,15.4
96,37.5,0,0,0,0,0,0,0,37.5
1,68.3,0,0,0,0,0,0,0,68.3
103,31.7,0,0,0,0,0,0,0,31.7
79,4.3,0,1,1,1,1,2,1,2.15
74,46.4,0,1,0,0,0,0,0,23.2
25,25.2,0,3,1,0,1,1,0,6.3
66,21.4,1,4,1,1,1,4,4,4.28
1,64.3,0,1,0,0,0,0,0,32.15
119,23.8,0,1,1,1,1,2,1,11.9
1,87.9,1,0,0,0,0,1,0,87.9
20,33.9,0,3,1,0,1,1,0,8.48
20,34.5,0,1,0,0,0,0,0,17.25
1,35.5,0,0,0,0,0,0,0,35.5
4,43.4,1,2,0,0,0,1,0,14.47
1,63.5,0,0,0,0,0,0,0,63.5
2,56.2,0,0,0,0,0,0,0,56.2
5,32.4,0,1,1,0,1,1,0,16.2
1,53.5,0,0,0,0,0,0,0,53.5
1,46.0,0,1,0,0,0,0,0,23.0
1,51.0,0,0,0,0,0,0,0,51.0
80,15.7,1,2,1,0,1,2,0,5.23
99,27.0,1,3,0,0,1,1,0,6.75
1,72.6,0,0,0,0,0,0,0,72.6
106,19.6,1,1,1,0,1,2,0,9.8
1,68.3,0,0,0,0,0,0,0,68.3
25,8.8,1,6,1,0,1,3,0,1.26
1,25.9,0,0,0,0,0,0,0,25.9
1,54.3,0,2,0,0,0,0,0,18.1
44,23.5,1,3,1,1,1,3,3,5.88
55,25.8,0,6,1,1,1,3,6,3.69
13,29.6,0,3,0,0,1,0,0,7.4
22,6.2,0,5,1,1,1,3,5,1.03
111,15.1,0,2,0,0,0,0,0,5.03
1,72.4,0,1,0,0,0,0,0,36.2
1,83.9,1,0,0,0,0,1,0,83.9
1,32.2,0,1,0,1,0,1,1,16.1
1,50.8,1,0,0,0,0,1,0,50.8
1,63.5,0,0,0,0,0,0,0,63.5
1,39.0,0,2,0,0,0,0,0,13.0
1,39.3,0,0,0,1,0,1,0,39.3
1,60.8,0,1,0,0,0,0,0,30.4
96,34.9,0,1,0,0,0,0,0,17.45
1,42.3,0,1,0,0,0,0,0,21.15
1,26.5,0,0,1,0,0,1,0,26.5
1,85.3,0,1,0,0,0,0,0,42.65
46,26.3,0,1,1,0,1,1,0,13.15
51,24.1,1,4,1,1,1,4,4,4.82
53,26.1,0,1,0,0,0,0,0,13.05
2,131.7,0,1,0,0,0,0,0,65.85
1,49.8,0,0,0,0,0,0,0,49.8
73,3.1,1,5,0,1,1,3,5,0.52
1,61.0,0,1,0,0,0,0,0,30.5
1,82.3,1,0,0,0,0,1,0,82.3
1,24.9,0,1,0,0,0,0,0,12.45
2,67.3,0,0,0,0,0,0,0,67.3
15,12.0,1,4,1,1,1,4,4,2.4
1,74.8,1,1,0,0,0,1,0,37.4
10,24.7,0,4,1,0,1,2,0,4.94
1,58.4,0,0,0,0,0,0,0,58.4
2,45.8,0,1,0,0,0,0,0,22.9
1,35.7,0,0,0,0,0,0,0,35.7
18,24.0,1,1,1,1,1,3,1,12.0
1,57.2,0,1,0,0,0,0,0,28.6
1,35.1,0,0,1,0,0,1,0,35.1
22,34.0,0,5,1,0,1,2,0,5.67
59,10.3,0,1,0,0,0,0,0,5.15
1,50.1,0,0,0,0,0,0,0,50.1
1,8.0,0,2,0,0,0,0,0,2.67
1,14.5,0,0,0,0,0,0,0,14.5
1,38.5,0,0,0,0,0,0,0,38.5
2,56.0,0,0,0,0,0,0,0,56.0
1,45.9,0,0,0,0,0,0,0,45.9
1,33.3,0,0,0,0,0,0,0,33.3
55,5.1,0,2,1,1,1,2,2,1.7
1,71.5,0,1,0,1,0,1,1,35.75
110,5.3,1,2,1,0,1,2,0,1.77
113,42.6,0,1,0,0,0,0,0,21.3
57,47.3,0,2,0,1,0,1,2,15.77
1,38.7,0,0,0,0,0,0,0,38.7
107,8.5,1,0,0,1,1,2,0,8.5
1,54.4,0,1,0,0,0,0,0,27.2
1,49.6,0,3,0,0,0,0,0,12.4
30,32.7,1,4,0,1,1,3,4,6.54
14,9.7,0,5,0,1,1,2,5,1.62
1,71.6,0,0,0,0,0,0,0,71.6
117,31.3,1,1,1,1,1,3,1,15.65
1,78.3,0,0,0,0,0,0,0,78.3
89,27.3,1,2,1,1,1,3,2,9.1
1,88.0,0,0,0,0,0,0,0,88.0
3,33.7,0,4,1,0,1,2,0,6.74
1,75.1,0,0,0,0,0,0,0,75.1
20,21.3,0,1,0,0,0,0,0,10.65
117,26.6,0,5,1,1,1,3,5,4.43
1,66.8,0,0,0,0,0,0,0,66.8
53,13.1,0,4,0,0,0,1,0,2.62
2,57.2,0,0,0,0,0,0,0,57.2
1,42.1,0,2,0,0,0,0,0,14.03
106,6.2,1,1,1,0,1,2,0,3.1
1,20.9,0,2,0,0,0,0,0,6.97
1,64.3,0,0,0,0,0,0,0,64.3
3,74.8,0,1,0,0,0,0,0,37.4
1,76.7,0,1,0,0,0,0,0,38.35
1,37.6,0,1,0,0,0,0,0,18.8
12,27.7,0,0,0,0,0,0,0,27.7
3,16.4,0,3,0,1,0,1,3,4.1
12,29.4,1,2,1,0,1,2,0,9.8
1,44.2,0,0,0,0,0,0,0,44.2
101,15.6,0,4,1,1,1,3,4,3.12
88,25.9,0,0,0,1,0,1,0,25.9
2,8.0,0,1,0,0,0,0,0,4.0
1,18.2,0,0,0,0,0,0,0,18.2
112,16.6,1,2,0,1,1,2,2,5.53
3,66.3,0,0,0,0,0,0,0,66.3
1,44.8,0,0,0,0,0,0,0,44.8
63,2.2,0,1,0,1,1,1,1,1.1
7,22.0,1,1,0,1,1,2,1,11.0
1,96.6,0,2,0,0,0,0,0,32.2
36,28.3,1,2,1,1,1,3,2,9.43
51,34.7,1,6,1,1,1,4,6,4.96
1,74.9,1,0,0,0,0,1,0,74.9
1,30.5,0,0,0,1,0,1,0,30.5
56,15.2,0,4,0,1,1,2,4,3.04
1,88.2,0,0,0,0,0,0,0,88.2
1,74.2,0,0,0,0,0,0,0,74.2
1,85.6,0,0,0,0,0,0,0,85.6
1,119.8,0,0,0,0,0,0,0,119.8
1,96.4,0,0,0,0,0,0,0,96.4
1,65.0,0,0,0,0,0,0,0,65.0
12,31.5,0,3,0,0,0,0,0,7.88
1,34.1,1,1,0,0,0,1,0,17.05
1,22.2,0,0,0,0,0,0,0,22.2
1,37.3,0,0,0,0,0,0,0,37.3
1,46.3,0,0,0,0,0,0,0,46.3
2,65.3,0,0,0,0,0,0,0,65.3
2,58.9,0,0,0,0,0,0,0,58.9
1,37.5,0,0,0,0,0,0,0,37.5
9,25.1,1,1,1,1,1,3,1,12.55
26,18.9,1,4,0,1,1,3,4,3.78
48,15.1,0,0,0,0,0,0,0,15.1
2,89.1,0,1,0,0,0,0,0,44.55
1,26.8,0,1,0,0,0,0,0,13.4
78,18.2,1,4,1,0,1,3,0,3.64
30,33.2,0,1,1,1,1,2,1,16.6
60,10.8,0,3,0,1,1,1,3,2.7
1,82.3,0,0,0,0,0,0,0,82.3
78,25.5,1,4,1,1,1,4,4,5.1
77,23.3,0,5,1,1,1,3,5,3.88
1,74.8,0,3,0,0,0,0,0,18.7
48,12.2,0,6,1,0,1,2,0,1.74
2,65.5,0,0,0,0,0,0,0,65.5
60,19.0,1,0,0,0,0,1,0,19.0
52,12.5,1,5,1,0,1,3,0,2.08
1,90.8,0,2,0,0,0,0,0,30.27
2,32.7,0,0,0,0,0,0,0,32.7
1,89.8,0,0,0,0,0,0,0,89.8
1,59.1,0,0,0,0,0,0,0,59.1
106,49.9,0,2,0,0,0,0,0,16.63
77,20.0,1,1,0,0,0,1,0,10.0
1,67.7,0,0,0,1,0,1,0,67.7
2,57.9,0,0,0,0,0,0,0,57.9
1,109.1,0,2,0,0,0,0,0,36.37
15,19.3,0,4,1,0,1,2,0,3.86
2,58.8,0,0,0,0,0,0,0,58.8
11,8.7,1,6,0,0,1,2,0,1.24
1,52.8,0,1,0,0,0,0,0,26.4
4,23.3,0,1,1,1,1,2,1,11.65
83,4.2,0,4,0,1,1,2,4,0.84
1,68.1,0,1,0,0,0,0,0,34.05
1,86.9,0,0,0,0,0,0,0,86.9
49,6.1,1,5,0,1,1,3,5,1.02
7,18.6,0,2,0,1,1,1,2,6.2
51,17.3,1,5,1,0,1,3,0,2.88
1,51.2,0,1,0,0,0,0,0,25.6
2,55.3,0,0,0,0,0,0,0,55.3
59,26.2,0,0,0,0,0,0,0,26.2
76,3.5,1,7,1,1,1,4,7,0.44
1,56.9,0,0,0,0,0,0,0,56.9
1,82.4,0,1,0,0,0,0,0,41.2
1,52.6,0,0,0,0,0,0,0,52.6
104,23.1,1,5,1,0,1,3,0,3.85
92,7.5,1,5,1,1,1,4,5,1.25
50,12.6,1,3,1,1,1,3,3,3.15
1,57.6,0,0,0,0,0,0,0,57.6
4,16.3,1,0,0,0,0,1,0,16.3
1,49.7,0,0,0,0,0,0,0,49.7
7,7.8,1,5,1,0,1,3,0,1.3
94,4.2,0,3,1,1,1,2,3,1.05
1,73.4,0,2,0,0,0,0,0,24.47
29,8.5,1,1,1,0,1,2,0,4.25
67,49.9,0,1,0,0,0,0,0,24.95
1,61.2,0,2,0,0,0,0,0,20.4
1,38.1,0,1,0,0,0,0,0,19.05
1,54.1,0,0,0,0,0,0,0,54.1
57,38.4,0,0,0,0,0,0,0,38.4
2,36.2,1,0,0,0,0,1,0,36.2
1,54.2,0,0,0,0,0,0,0,54.2
1,86.5,0,0,0,0,0,0,0,86.5
1,56.4,0,0,0,0,0,0,0,56.4
92,33.8,0,4,0,1,1,2,4,6.76
14,5.0,0,2,1,0,1,1,0,1.67
18,24.9,0,1,0,0,0,0,0,12.45
39,28.7,1,2,0,0,1,1,0,9.57
2,56.2,0,1,0,0,0,0,0,28.1
1,32.8,0,0,0,1,0,1,0,32.8
111,19.8,1,2,0,0,1,1,0,6.6
1,82.5,0,0,0,0,0,0,0,82.5
1,26.2,0,0,0,0,0,0,0,26.2
2,56.7,0,2,0,0,0,0,0,18.9
1,110.6,0,1,0,0,0,0,0,55.3
60,16.5,0,3,0,1,1,1,3,4.12
1,76.0,0,0,0,0,0,0,0,76.0
1,110.3,0,0,0,0,0,0,0,110.3
2,113.1,0,1,0,0,0,0,0,56.55
103,25.8,1,1,1,1,1,3,1,12.9
2,69.9,0,0,0,0,0,0,0,69.9
2,59.2,1,0,0,0,0,1,0,59.2
37,29.8,1,2,1,0,1,2,0,9.93
1,41.8,0,0,0,0,0,0,0,41.8
1,62.0,0,0,0,0,0,0,0,62.0
1,30.0,0,1,0,0,0,0,0,15.0
15,17.4,0,2,1,1,1,2,2,5.8
1,92.3,0,0,0,0,0,0,0,92.3
1,37.6,0,0,1,1,0,2,0,37.6
1,52.8,1,0,0,0,0,1,0,52.8
4,93.1,0,1,0,0,0,0,0,46.55
25,2.4,1,2,1,1,1,3,2,0.8
1,52.1,0,0,0,0,0,0,0,52.1
1,32.7,0,0,0,0,0,0,0,32.7
1,76.6,0,1,0,0,0,0,0,38.3
1,77.9,0,0,0,0,0,0,0,77.9
3,95.2,0,0,0,0,0,0,0,95.2
1,35.8,0,0,0,0,0,0,0,35.8
3,61.5,0,1,0,0,0,0,0,30.75
1,74.5,0,0,0,0,0,0,0,74.5
40,19.2,1,5,1,1,1,4,5,3.2
85,29.5,0,5,1,1,1,3,5,4.92
1,35.4,0,0,0,0,0,0,0,35.4
88,34.9,0,5,1,1,1,3,5,5.82
91,16.8,0,1,1,0,1,1,0,8.4
85,26.1,0,1,1,1,1,2,1,13.05
1,59.2,0,0,0,0,0,0,0,59.2
34,49.8,0,1,0,0,0,0,0,24.9
99,40.1,0,0,0,0,0,0,0,40.1
11,42.5,0,0,1,0,0,1,0,42.5
1,64.9,0,0,0,0,0,0,0,64.9
1,87.8,0,0,0,0,0,0,0,87.8
1,77.4,0,0,0,0,0,0,0,77.4
1,93.2,0,0,0,0,0,0,0,93.2
87,13.5,0,0,0,1,0,1,0,13.5
1,70.2,0,0,0,0,0,0,0,70.2
101,10.7,1,3,1,1,1,3,3,2.68
1,75.6,0,1,0,0,0,0,0,37.8
103,42.3,0,0,1,0,0,1,0,42.3
55,28.1,1,7,1,1,1,4,7,3.51
71,8.9,1,2,1,1,1,3,2,2.97
1,60.1,0,0,0,0,0,0,0,60.1
4,31.7,1,3,0,1,1,2,3,7.92
1,82.9,0,0,0,0,0,0,0,82.9
21,8.7,0,5,1,1,1,3,5,1.45
1,67.0,0,0,0,0,0,0,0,67.0
42,34.2,1,2,1,1,1,3,2,11.4
1,61.9,0,1,0,0,0,0,0,30.95
107,12.5,0,2,0,0,1,0,0,4.17
2,50.6,0,0,0,0,0,0,0,50.6
11,25.2,1,1,0,1,1,2,1,12.6
2,72.6,0,1,0,0,0,0,0,36.3
1,68.0,0,0,0,0,0,0,0,68.0
1,69.3,0,2,0,0,0,0,0,23.1
115,27.1,0,4,0,0,0,1,0,5.42
110,31.8,0,0,0,0,0,0,0,31.8
1,45.8,0,0,0,0,0,0,0,45.8
1,92.6,0,2,0,0,0,0,0,30.87
1,48.7,0,1,0,0,0,0,0,24.35
98,5.3,1,1,1,0,1,2,0,2.65
33,32.1,1,1,0,0,0,1,0,16.05
1,28.2,0,0,0,0,0,0,0,28.2
94,26.6,1,6,0,0,1,2,0,3.8
1,57.5,0,0,0,0,0,0,0,57.5
1,18.6,0,0,0,0,0,0,0,18.6
102,8.1,1,3,1,1,1,3,3,2.02
1,81.2,0,3,0,0,0,0,0,20.3
18,16.3,1,1,0,1,1,2,1,8.15
105,34.8,1,3,1,1,1,3,3,8.7
1,89.8,1,0,0,0,0,1,0,89.8
2,54.0,0,0,0,0,0,0,0,54.0
38,12.7,1,2,1,1,1,3,2,4.23
1,97.2,0,0,0,0,0,0,0,97.2
20,44.6,0,0,0,0,0,0,0,44.6
1,47.7,0,0,0,0,0,0,0,47.7
1,37.6,0,0,0,0,0,0,0,37.6
48,24.1,1,5,1,0,1,3,0,4.02
1,19.8,0,0,0,0,0,0,0,19.8
1,26.6,0,1,0,0,0,0,0,13.3
86,24.0,0,4,0,0,0,1,0,4.8
1,64.9,0,0,0,0,0,0,0,64.9
96,48.8,0,0,0,0,0,0,0,48.8
52,23.7,0,1,0,0,0,0,0,11.85
2,36.6,1,0,0,0,0,1,0,36.6
3,54.5,1,3,0,0,0,1,0,13.62
1,40.2,0,0,0,0,0,0,0,40.2
1,48.6,0,1,0,0,0,0,0,24.3
14,15.0,1,4,0,0,1,2,0,3.0
1,37.8,0,1,0,0,0,0,0,18.9
3,75.4,0,1,0,0,0,0,0,37.7
17,48.9,0,2,0,0,0,0,0,16.3
27,34.4,1,5,1,1,1,4,5,5.73
1,25.9,1,1,0,0,0,1,0,12.95
1,97.6,1,0,0,0,0,1,0,97.6
64,13.0,1,0,1,0,1,2,0,13.0
2,30.5,0,0,0,0,0,0,0,30.5
8,4.6,1,1,1,1,1,3,1,2.3
1,30.7,0,0,0,0,0,0,0,30.7
88,31.6,1,4,1,1,1,4,4,6.32
1,48.3,0,0,0,0,0,0,0,48.3
1,49.6,1,1,0,0,0,1,0,24.8
95,24.8,1,1,0,1,1,2,1,12.4
2,29.6,0,0,0,0,0,0,0,29.6
7,7.3,0,5,0,1,1,2,5,1.22
39,14.5,0,2,0,0,1,0,0,4.83
1,84.0,0,1,0,0,0,0,0,42.0
1,107.4,0,0,0,0,0,0,0,107.4
1,66.4,0,2,0,0,0,0,0,22.13
1,61.8,0,0,0,0,0,0,0,61.8
3,60.4,0,2,0,0,0,0,0,20.13
48,44.5,0,3,0,0,0,0,0,11.12
119,30.4,1,6,1,1,1,4,6,4.34
1,46.7,0,2,0,0,0,0,0,15.57
1,38.8,0,0,1,0,0,1,0,38.8
58,15.4,0,5,1,0,1,2,0,2.57
105,19.2,1,5,0,1,1,3,5,3.2
97,20.6,1,0,1,1,1,3,0,20.6
1,73.7,0,0,0,0,0,0,0,73.7
2,68.2,0,0,0,0,0,0,0,68.2
75,31.7,0,1,0,1,1,1,1,15.85
71,6.2,1,1,1,0,1,2,0,3.1
34,12.3,0,2,1,1,1,2,2,4.1
1,86.4,1,0,0,0,0,1,0,86.4
1,89.9,0,0,0,0,0,0,0,89.9
3,95.3,0,1,0,1,0,1,1,47.65
1,89.2,0,0,0,0,0,0,0,89.2
103,17.6,1,0,1,0,1,2,0,17.6
1,28.1,0,0,0,0,0,0,0,28.1
1,8.0,0,0,0,0,0,0,0,8.0
1,83.9,0,0,0,0,0,0,0,83.9
3,117.7,0,0,0,0,0,0,0,117.7
6,10.1,1,5,1,1,1,4,5,1.68
106,12.6,1,4,0,0,1,2,0,2.52
1,76.8,0,1,0,0,0,0,0,38.4
1,26.1,0,0,0,0,0,0,0,26.1
93,32.3,0,5,1,1,1,3,5,5.38
36,42.1,0,3,0,0,0,0,0,10.52
42,34.3,1,4,1,0,1,3,0,6.86
1,64.5,0,0,0,0,0,0,0,64.5
15,17.9,0,2,0,0,1,0,0,5.97
1,21.7,0,2,0,0,0,0,0,7.23
1,73.0,0,0,1,0,0,1,0,73.0
1,49.6,0,1,0,0,0,0,0,24.8
101,10.0,0,0,0,0,0,0,0,10.0
110,11.4,0,3,1,1,1,2,3,2.85
2,92.8,0,1,0,0,0,0,0,46.4
2,81.1,0,1,0,0,0,0,0,40.55
26,22.4,1,4,1,1,1,4,4,4.48
1,36.6,1,3,0,0,0,1,0,9.15
49,34.3,0,0,0,0,0,0,0,34.3
1,62.0,0,0,0,0,0,0,0,62.0
1,93.5,0,0,0,0,0,0,0,93.5
3,41.6,0,1,0,0,0,0,0,20.8
107,7.3,0,3,1,1,1,2,3,1.82
1,69.6,0,0,0,0,0,0,0,69.6
12,32.1,1,1,1,0,1,2,0,16.05
1,75.6,0,0,0,0,0,0,0,75.6
3,128.9,0,0,0,0,0,0,0,128.9
1,53.1,0,0,0,0,0,0,0,53.1
114,14.7,1,4,1,0,1,3,0,2.94
1,54.1,1,1,0,0,0,1,0,27.05
2,72.3,0,0,0,0,0,0,0,72.3
1,84.9,0,3,0,0,0,0,0,21.22
1,90.7,0,3,0,0,0,0,0,22.68
11,32.9,0,2,0,0,0,0,0,10.97
12,26.0,1,1,1,0,1,2,0,13.0
41,12.5,0,5,1,1,1,3,5,2.08
2,79.9,0,0,0,0,0,0,0,79.9
2,57.6,0,1,0,0,0,0,0,28.8
46,18.1,0,2,0,1,1,1,2,6.03
25,10.2,1,0,1,0,1,2,0,10.2
57,30.7,0,5,1,1,1,3,5,5.12
2,39.7,0,0,0,0,0,0,0,39.7
1,62.1,0,0,0,0,0,0,0,62.1
1,8.0,0,2,0,1,0,1,2,2.67
1,57.5,0,3,0,0,0,0,0,14.38
64,27.3,1,3,1,1,1,3,3,6.82
1,44.3,0,0,0,0,0,0,0,44.3
37,28.1,0,1,1,1,1,2,1,14.05
1,77.0,0,0,0,0,0,0,0,77.0
99,49.8,0,1,0,0,0,0,0,24.9
1,81.9,1,0,0,0,0,1,0,81.9
54,11.0,0,0,0,0,0,0,0,11.0
93,19.6,0,2,0,0,0,0,0,6.53
1,67.5,0,2,0,0,0,0,0,22.5
1,68.1,0,0,0,0,0,0,0,68.1
55,30.1,0,0,0,0,0,0,0,30.1
86,31.9,1,2,0,1,1,2,2,10.63
54,8.5,1,4,1,1,1,4,4,1.7
1,55.6,0,0,0,0,0,0,0,55.6
2,41.6,0,1,0,0,0,0,0,20.8
1,35.2,0,0,0,0,0,0,0,35.2
1,56.1,0,0,0,0,0,0,0,56.1
54,28.4,1,2,1,1,1,3,2,9.47
31,23.5,1,6,1,0,1,3,0,3.36
1,63.1,0,0,0,0,0,0,0,63.1
14,39.8,0,0,0,0,0,0,0,39.8
35,27.2,1,5,1,0,1,3,0,4.53
2,85.2,0,2,0,0,0,0,0,28.4
91,33.9,1,3,1,1,1,3,3,8.48
19,15.9,0,0,0,0,0,0,0,15.9
64,10.2,0,0,0,0,0,0,0,10.2
1,66.4,0,1,0,0,0,0,0,33.2
1,78.7,0,0,0,0,0,0,0,78.7
37,39.2,0,0,1,0,0,1,0,39.2
103,17.8,1,1,0,0,1,1,0,8.9
56,26.0,0,1,1,1,1,2,1,13.0
2,50.3,0,0,0,0,0,0,0,50.3
24,29.6,1,4,1,1,1,4,4,5.92
1,13.8,0,0,0,1,0,1,0,13.8
1,85.2,0,2,0,0,0,0,0,28.4
75,10.9,1,2,1,0,1,2,0,3.63
20,17.7,1,5,1,0,1,3,0,2.95
21,21.1,0,1,0,1,0,1,1,10.55
13,23.0,1,1,1,1,1,3,1,11.5
87,34.6,1,4,1,1,1,4,4,6.92
14,10.7,1,6,1,1,1,4,6,1.53
1,52.3,0,1,0,0,0,0,0,26.15
80,3.9,0,7,0,1,1,2,7,0.49
2,90.5,0,0,0,0,0,0,0,90.5
1,64.0,0,1,0,0,0,0,0,32.0
84,26.1,0,0,0,1,0,1,0,26.1
67,45.2,0,0,0,0,0,0,0,45.2
1,65.7,0,1,0,0,0,0,0,32.85
11,13.5,0,1,0,0,1,0,0,6.75
2,81.8,0,0,0,0,0,0,0,81.8
1,51.8,0,1,0,0,0,0,0,25.9
1,48.5,0,2,0,0,0,0,0,16.17
2,23.2,0,0,0,0,0,0,0,23.2
3,11.1,1,1,1,1,1,3,1,5.55
2,38.0,0,1,0,0,0,0,0,19.0
5,6.4,1,7,1,1,1,4,7,0.8
1,114.1,0,1,0,0,0,0,0,57.05
1,83.7,0,0,0,0,0,0,0,83.7
1,32.6,0,3,0,0,0,0,0,8.15
3,36.4,0,1,0,0,0,0,0,18.2
107,33.6,0,6,0,1,1,2,6,4.8
1,52.5,0,2,0,1,0,1,2,17.5
3,68.0,0,0,0,0,0,0,0,68.0
1,102.5,0,0,0,0,0,0,0,102.5
1,51.4,0,0,0,0,0,0,0,51.4
1,40.4,1,2,0,0,0,1,0,13.47
71,35.3,0,0,0,0,0,0,0,35.3
2,74.4,0,0,0,0,0,0,0,74.4
1,72.2,0,0,0,0,0,0,0,72.2
118,20.4,0,4,0,1,1,2,4,4.08
2,24.9,0,0,0,0,0,0,0,24.9
1,46.3,0,1,0,0,0,0,0,23.15
1,66.2,0,0,0,0,0,0,0,66.2
1,64.7,0,0,0,0,0,0,0,64.7
1,8.7,1,0,0,0,0,1,0,8.7
3,50.5,0,0,0,0,0,0,0,50.5
6,32.4,0,5,1,1,1,3,5,5.4
73,10.4,0,3,1,1,1,2,3,2.6
1,33.0,0,3,0,1,0,1,3,8.25
115,14.4,1,7,0,0,1,2,0,1.8
46,37.8,0,0,0,0,0,0,0,37.8
1,78.4,0,0,0,0,0,0,0,78.4
1,53.2,0,0,0,0,0,0,0,53.2
25,28.5,1,0,1,1,1,3,0,28.5
4,64.7,0,1,0,0,0,0,0,32.35
1,82.6,1,0,0,0,0,1,0,82.6
1,77.4,0,0,0,0,0,0,0,77.4
1,72.6,0,0,0,0,0,0,0,72.6
1,46.2,0,0,0,0,0,0,0,46.2
1,88.7,0,0,0,0,0,0,0,88.7
3,33.8,0,1,0,1,0,1,1,16.9
2,78.6,0,0,0,1,0,1,0,78.6
1,46.2,0,0,0,0,0,0,0,46.2
1,90.8,0,1,0,0,0,0,0,45.4
83,31.2,0,3,0,1,1,1,3,7.8
111,6.7,1,0,0,1,1,2,0,6.7
1,96.8,0,0,0,0,0,0,0,96.8
101,26.4,0,0,0,0,0,0,0,26.4
6,30.3,1,7,1,1,1,4,7,3.79
1,58.1,1,0,0,0,0,1,0,58.1
1,54.4,0,0,0,0,0,0,0,54.4
2,8.0,0,0,0,0,0,0,0,8.0
1,13.3,0,0,1,0,0,1,0,13.3
1,76.8,0,1,0,0,0,0,0,38.4
1,22.9,0,0,0,0,0,0,0,22.9
2,15.4,0,0,0,0,0,0,0,15.4
95,24.9,1,5,1,1,1,4,5,4.15
114,2.4,0,3,1,0,1,1,0,0.6
105,19.3,1,3,1,0,1,2,0,4.82
1,99.1,0,0,0,1,0,1,0,99.1
1,65.0,0,0,0,0,0,0,0,65.0
100,3.3,1,5,0,1,1,3,5,0.55
9,29.5,1,5,1,0,1,3,0,4.92
1,65.1,0,1,0,0,0,0,0,32.55
49,25.3,0,0,0,0,1,0,0,25.3
1,70.7,0,1,0,0,0,0,0,35.35
1,85.2,0,0,0,0,0,0,0,85.2
1,43.9,0,0,0,0,0,0,0,43.9
1,32.8,0,0,0,0,0,0,0,32.8
1,77.8,0,0,0,0,0,0,0,77.8
3,66.9,0,0,0,0,0,0,0,66.9
1,19.0,0,0,0,0,0,0,0,19.0
42,47.3,0,0,0,0,0,0,0,47.3
1,49.8,0,0,0,0,0,0,0,49.8
1,86.3,0,2,0,0,0,0,0,28.77
49,21.7,0,0,1,0,1,1,0,21.7
83,44.1,1,0,0,0,0,1,0,44.1
1,28.3,0,0,0,0,0,0,0,28.3
1,67.2,1,0,0,0,0,1,0,67.2
59,30.1,0,6,0,0,1,1,0,4.3
1,52.9,0,0,0,0,0,0,0,52.9
1,98.4,0,1,0,1,0,1,1,49.2
4,70.9,0,0,0,0,0,0,0,70.9
72,16.5,1,5,0,0,1,2,0,2.75
100,18.1,1,5,1,1,1,4,5,3.02
1,49.6,1,0,0,0,0,1,0,49.6
50,25.8,1,0,1,1,1,3,0,25.8
2,56.9,1,0,0,0,0,1,0,56.9
92,34.3,0,0,1,1,1,2,0,34.3
1,53.0,0,0,0,0,0,0,0,53.0
41,16.8,0,5,0,1,1,2,5,2.8
1,86.1,0,0,0,0,0,0,0,86.1
1,33.1,0,1,0,0,0,0,0,16.55
1,64.7,0,0,0,0,0,0,0,64.7
51,13.0,0,0,0,0,0,0,0,13.0
1,68.2,0,2,0,0,0,0,0,22.73
18,9.8,1,7,0,0,1,2,0,1.23
1,56.9,0,0,0,0,0,0,0,56.9
1,34.5,0,1,0,0,0,0,0,17.25
1,70.0,0,0,0,0,0,0,0,70.0
97,19.8,1,3,1,0,1,2,0,4.95
2,52.6,0,0,0,1,0,1,0,52.6
1,87.6,0,0,0,0,0,0,0,87.6
2,60.0,0,3,0,0,0,0,0,15.0
17,39.0,0,2,0,0,0,0,0,13.0
1,71.8,0,1,0,0,0,0,0,35.9
66,39.4,0,0,0,0,0,0,0,39.4
25,12.8,0,2,1,0,1,1,0,4.27
1,66.7,0,0,0,0,0,0,0,66.7
73,32.8,0,4,1,1,1,3,4,6.56
24,28.4,0,0,1,1,1,2,0,28.4
22,7.9,0,1,1,0,1,1,0,3.95
1,53.2,0,0,0,1,0,1,0,53.2
4,58.0,0,2,0,0,0,0,0,19.33
40,15.8,1,6,1,0,1,3,0,2.26
4,90.8,0,0,0,0,0,0,0,90.8
1,45.7,0,1,0,0,0,0,0,22.85
19,34.9,0,1,0,1,1,1,1,17.45
1,45.3,0,0,0,0,0,0,0,45.3
1,63.5,0,0,0,0,0,0,0,63.5
103,16.3,1,3,1,0,1,2,0,4.08
1,103.2,1,0,0,0,0,1,0,103.2
35,33.6,0,2,1,1,1,2,2,11.2
93,11.8,0,0,0,0,0,0,0,11.8
1,76.6,0,0,0,0,0,0,0,76.6
1,76.0,0,0,0,0,0,0,0,76.0
1,21.3,0,0,0,0,0,0,0,21.3
2,71.8,0,1,0,0,0,0,0,35.9
93,20.9,0,0,0,1,0,1,0,20.9
1,67.0,1,0,0,0,0,1,0,67.0
81,45.4,0,0,0,0,0,0,0,45.4
1,54.2,0,0,0,0,0,0,0,54.2
3,34.9,0,0,0,0,0,0,0,34.9
1,89.3,0,0,0,0,0,0,0,89.3
75,8.8,1,3,1,0,1,2,0,2.2
1,59.1,0,0,0,0,0,0,0,59.1
1,107.4,0,0,0,0,0,0,0,107.4
1,8.0,0,0,0,0,0,0,0,8.0
1,36.9,0,1,0,0,0,0,0,18.45
1,87.6,0,0,0,0,0,0,0,87.6
115,39.5,1,0,0,1,0,2,0,39.5
1,74.4,0,0,0,0,0,0,0,74.4
102,20.1,0,2,1,0,0,1,0,6.7
60,23.5,0,0,0,1,1,1,0,23.5
1,76.6,1,0,0,0,0,1,0,76.6
96,22.6,0,0,0,0,0,0,0,22.6
1,24.6,1,0,1,0,0,2,0,24.6
1,85.9,1,0,0,0,0,1,0,85.9
1,90.9,0,0,0,0,0,0,0,90.9
1,44.1,0,0,0,0,0,0,0,44.1
1,38.7,0,0,0,0,0,0,0,38.7
2,67.7,0,3,0,0,0,0,0,16.92
1,61.3,0,0,0,0,0,0,0,61.3
6,10.7,1,3,0,1,1,2,3,2.68
41,26.3,1,7,1,1,1,4,7,3.29
81,25.1,0,2,1,0,1,1,0,8.37
111,49.5,0,0,0,0,0,0,0,49.5
1,56.3,0,0,0,0,0,0,0,56.3
1,78.3,1,0,0,0,0,1,0,78.3
110,8.1,1,2,0,1,1,2,2,2.7
98,4.4,0,6,0,1,1,2,6,0.63
1,17.8,0,1,0,0,0,0,0,8.9
1,47.6,0,0,0,0,0,0,0,47.6
39,11.6,1,4,1,1,1,4,4,2.32
1,81.5,0,0,0,0,0,0,0,81.5
1,84.3,0,0,0,0,0,0,0,84.3
1,84.6,0,1,0,0,0,0,0,42.3
45,27.1,0,3,0,1,1,1,3,6.78
60,48.6,0,2,0,0,0,0,0,16.2
1,63.9,0,0,0,0,0,0,0,63.9
2,18.3,0,1,0,0,0,0,0,9.15
105,29.1,0,3,0,0,1,0,0,7.28
1,57.8,0,0,0,0,0,0,0,57.8
1,26.9,0,0,0,0,0,0,0,26.9
1,77.1,1,0,0,0,0,1,0,77.1
1,47.2,0,3,0,0,0,0,0,11.8
35,33.2,0,0,0,0,0,0,0,33.2
4,76.6,0,0,0,0,0,0,0,76.6
1,70.9,1,0,0,0,0,1,0,70.9
1,72.6,0,1,1,0,0,1,0,36.3
1,93.0,0,0,0,0,0,0,0,93.0
22,15.2,1,4,0,1,1,3,4,3.04
119,3.9,0,2,1,1,1,2,2,1.3
1,73.4,0,0,0,0,0,0,0,73.4
1,38.0,0,0,0,0,0,0,0,38.0
1,52.7,0,2,0,0,0,0,0,17.57
1,58.1,0,2,0,0,0,0,0,19.37
71,31.1,0,5,1,0,1,2,0,5.18
3,50.2,0,1,0,0,0,0,0,25.1
4,59.6,0,0,0,0,0,0,0,59.6
84,23.6,0,2,0,1,1,1,2,7.87
28,33.0,1,4,1,1,1,4,4,6.6
2,53.2,0,0,0,0,0,0,0,53.2
1,69.7,0,0,0,0,0,0,0,69.7
72,35.4,0,0,0,0,0,0,0,35.4
2,52.8,0,0,0,0,0,0,0,52.8
1,52.1,0,0,0,1,0,1,0,52.1
3,50.7,1,0,0,0,0,1,0,50.7
2,116.9,1,0,0,0,0,1,0,116.9
1,51.7,0,0,0,0,0,0,0,51.7
78,21.2,1,6,1,1,1,4,6,3.03
1,34.9,0,1,0,0,0,0,0,17.45
93,21.4,1,5,1,1,1,4,5,3.57
80,29.4,1,0,0,0,0,1,0,29.4
23,15.9,0,0,0,0,0,0,0,15.9
1,26.3,0,0,0,0,0,0,0,26.3
100,38.0,0,2,0,0,0,0,0,12.67
53,12.9,1,2,1,0,1,2,0,4.3
2,28.0,0,1,0,0,0,0,0,14.0
12,32.8,1,0,1,1,1,3,0,32.8
91,10.7,0,0,0,0,0,0,0,10.7
48,31.0,1,3,1,1,1,3,3,7.75
2,54.0,0,0,0,0,0,0,0,54.0
1,49.7,0,0,0,1,0,1,0,49.7
2,44.7,0,0,0,0,0,0,0,44.7
1,34.3,0,0,0,0,0,0,0,34.3
111,6.8,1,6,1,1,1,4,6,0.97
111,45.3,0,0,0,1,0,1,0,45.3
1,79.3,0,0,0,0,0,0,0,79.3
1,68.1,0,0,0,0,0,0,0,68.1
1,82.2,0,0,0,0,0,0,0,82.2
1,34.3,0,0,0,0,0,0,0,34.3
9,29.7,0,1,0,1,1,1,1,14.85
1,61.8,0,0,0,0,0,0,0,61.8
118,10.4,0,1,0,0,0,0,0,5.2
1,62.4,0,0,0,0,0,0,0,62.4
3,29.1,0,1,0,0,0,0,0,14.55
37,21.5,1,5,1,1,1,4,5,3.58
2,14.4,1,4,0,1,1,3,4,2.88
20,11.8,1,1,0,1,1,2,1,5.9
1,21.2,1,0,0,1,0,2,0,21.2
115,31.6,1,1,0,0,1,1,0,15.8
116,16.7,1,2,0,0,1,1,0,5.57
1,55.3,0,0,0,0,0,0,0,55.3
91,23.2,0,1,0,1,0,1,1,11.6
1,34.6,0,1,0,0,0,0,0,17.3
117,32.5,0,3,0,0,0,0,0,8.12
91,31.2,0,2,1,1,1,2,2,10.4
2,69.7,0,0,0,0,0,0,0,69.7
1,67.2,0,0,0,0,0,0,0,67.2
67,28.2,1,5,1,1,1,4,5,4.7
1,53.1,0,0,0,0,0,0,0,53.1
1,103.4,0,0,0,1,0,1,0,103.4
2,43.8,0,1,0,0,0,0,0,21.9
90,6.9,0,6,1,1,1,3,6,0.99
2,38.8,0,0,0,0,0,0,0,38.8
62,31.6,0,6,1,0,1,2,0,4.51
1,80.3,0,1,0,0,0,0,0,40.15
45,6.5,1,5,1,0,1,3,0,1.08
4,64.9,0,0,0,0,0,0,0,64.9
41,4.2,1,4,1,0,1,3,0,0.84
105,8.7,0,5,1,1,1,3,5,1.45
2,71.9,0,3,0,0,0,0,0,17.98
24,13.0,0,0,0,0,0,0,0,13.0
1,72.2,1,0,0,0,0,1,0,72.2
80,5.6,1,1,0,1,1,2,1,2.8
1,23.2,0,3,0,0,0,0,0,5.8
118,21.2,0,3,1,1,1,2,3,5.3
1,75.3,0,1,0,0,0,0,0,37.65
99,22.6,1,3,1,1,1,3,3,5.65
115,16.5,1,5,1,0,1,3,0,2.75
1,65.3,1,1,0,0,0,1,0,32.65
1,76.7,0,3,0,0,0,0,0,19.18
1,8.0,0,0,0,0,0,0,0,8.0
1,55.5,0,0,0,0,0,0,0,55.5
2,56.6,0,0,0,0,0,0,0,56.6
118,36.6,0,0,0,0,0,0,0,36.6
2,79.7,0,0,0,0,0,0,0,79.7
1,89.0,0,0,0,0,0,0,0,89.0
1,74.6,0,1,0,0,0,0,0,37.3
1,81.2,0,0,0,0,0,0,0,81.2
1,29.2,0,0,0,0,0,0,0,29.2
1,91.2,0,0,0,0,0,0,0,91.2
1,43.3,0,0,0,0,0,0,0,43.3
1,69.0,0,1,0,0,0,0,0,34.5
48,23.3,1,3,1,0,1,2,0,5.82
3,42.6,0,0,0,0,0,0,0,42.6
63,8.5,1,3,0,1,1,2,3,2.12
1,58.5,0,2,0,0,0,0,0,19.5
104,33.9,1,3,0,1,1,2,3,8.48
14,32.9,1,3,1,0,1,2,0,8.22
13,33.4,0,0,1,0,0,1,0,33.4
1,65.3,0,0,0,0,0,0,0,65.3
31,9.7,1,6,0,1,1,3,6,1.39
1,84.8,0,1,0,0,0,0,0,42.4
2,71.3,0,1,0,0,0,0,0,35.65
1,13.1,0,0,0,0,0,0,0,13.1
2,12.1,0,0,0,0,0,0,0,12.1
1,158.2,0,1,0,0,0,0,0,79.1
60,32.8,0,0,1,0,0,1,0,32.8
1,11.2,0,1,0,0,0,0,0,5.6
1,30.6,0,1,0,0,0,0,0,15.3
62,17.5,0,3,0,1,1,1,3,4.38
1,71.4,1,2,0,0,0,1,0,23.8
1,8.0,0,0,0,0,0,0,0,8.0
1,34.6,0,0,0,0,0,0,0,34.6
12,13.4,1,3,1,1,1,3,3,3.35
1,98.3,0,2,0,0,0,0,0,32.77
46,34.4,0,4,0,0,0,1,0,6.88
1,80.4,0,0,0,0,0,0,0,80.4
91,36.1,0,0,0,0,0,0,0,36.1
2,54.6,0,0,0,0,0,0,0,54.6
81,38.5,1,3,0,0,0,1,0,9.62
2,19.0,0,2,0,0,0,0,0,6.33
59,48.8,0,3,0,0,0,0,0,12.2
1,33.4,0,2,1,0,0,1,0,11.13
113,22.6,0,0,0,0,0,0,0,22.6
1,82.3,1,0,0,0,0,1,0,82.3
1,25.0,0,0,0,0,0,0,0,25.0
30,28.7,0,7,1,1,1,3,7,3.59
3,73.9,0,1,0,0,0,0,0,36.95
23,37.3,0,1,0,1,0,1,1,18.65
2,89.8,0,2,0,0,0,0,0,29.93
1,94.4,0,0,0,0,0,0,0,94.4
1,63.7,1,1,0,0,0,1,0,31.85
21,5.8,1,4,0,1,1,3,4,1.16
3,58.0,1,0,0,1,0,2,0,58.0
37,20.6,1,1,1,1,1,3,1,10.3
1,89.8,0,0,0,0,0,0,0,89.8
1,111.1,0,1,0,0,0,0,0,55.55
85,25.5,1,1,1,1,1,3,1,12.75
51,44.7,0,0,0,0,0,0,0,44.7
1,57.4,0,0,0,0,0,0,0,57.4
38,20.4,1,7,1,1,1,4,7,2.55
87,20.8,0,2,1,0,1,1,0,6.93
2,90.6,0,0,0,0,0,0,0,90.6
112,5.2,0,1,0,0,1,0,0,2.6
4,50.4,1,0,0,0,0,1,0,50.4
3,99.3,1,0,0,0,0,1,0,99.3
33,11.7,0,0,0,0,0,0,0,11.7
1,21.0,0,0,0,0,0,0,0,21.0
1,79.9,0,1,0,0,0,0,0,39.95
45,16.2,0,5,1,1,1,3,5,2.7
12,18.7,1,0,0,1,1,2,0,18.7
1,77.1,0,1,0,0,0,0,0,38.55
64,17.6,1,5,1,1,1,4,5,2.93
1,79.4,0,0,0,0,0,0,0,79.4
1,23.3,0,0,0,0,0,0,0,23.3
3,63.9,0,0,0,0,0,0,0,63.9
20,7.4,1,0,1,0,1,2,0,7.4
30,29.7,0,5,1,1,1,3,5,4.95
1,44.0,0,0,0,0,0,0,0,44.0
1,50.3,1,0,0,0,0,1,0,50.3
82,16.3,0,0,1,1,0,2,0,16.3
1,73.6,0,0,0,0,0,0,0,73.6
1,68.4,0,0,0,0,0,0,0,68.4
28,26.4,1,6,0,1,1,3,6,3.77
4,70.4,0,0,0,1,0,1,0,70.4
44,20.5,0,1,0,0,1,0,0,10.25
6,5.3,1,3,1,1,1,3,3,1.32
98,5.5,1,3,1,1,1,3,3,1.38
2,53.8,0,1,0,0,0,0,0,26.9
1,103.9,0,0,0,0,0,0,0,103.9
2,67.9,0,0,0,0,0,0,0,67.9
1,63.5,0,0,0,0,0,0,0,63.5
1,93.0,0,2,0,0,0,0,0,31.0
16,45.8,1,3,0,0,0,1,0,11.45
1,37.0,1,0,0,0,0,1,0,37.0
1,65.5,0,2,0,0,0,0,0,21.83
89,19.7,1,1,1,1,1,3,1,9.85
10,33.4,1,3,1,1,1,3,3,8.35
24,33.9,0,1,0,0,0,0,0,16.95
88,24.7,1,4,0,0,1,2,0,4.94
40,15.6,1,2,1,1,1,3,2,5.2
1,63.9,0,0,0,0,0,0,0,63.9
1,26.2,0,0,0,1,0,1,0,26.2
110,24.6,0,1,0,0,0,0,0,12.3
3,64.9,0,1,0,0,0,0,0,32.45
57,4.1,1,7,0,1,1,3,7,0.51
27,46.8,0,2,0,0,0,0,0,15.6
1,35.6,0,0,0,0,0,0,0,35.6
1,41.9,0,0,0,0,0,0,0,41.9
1,22.5,0,0,0,0,0,0,0,22.5
38,28.2,0,2,1,1,1,2,2,9.4
94,31.2,1,5,1,1,1,4,5,5.2
1,66.1,0,1,0,0,0,0,0,33.05
1,78.9,0,1,0,0,0,0,0,39.45
1,49.8,0,0,0,0,0,0,0,49.8
69,3.9,1,5,1,1,1,4,5,0.65
1,81.0,0,1,0,0,0,0,0,40.5
3,26.2,0,0,0,0,0,0,0,26.2
112,2.9,1,2,1,0,1,2,0,0.97
1,25.2,0,0,0,0,0,0,0,25.2
112,17.1,0,2,1,1,1,2,2,5.7
69,12.9,1,0,0,0,0,1,0,12.9
1,53.4,0,0,0,1,0,1,0,53.4
38,30.4,1,2,1,0,1,2,0,10.13
81,41.4,0,0,0,1,0,1,0,41.4
1,69.0,0,0,0,0,0,0,0,69.0
33,46.9,1,1,0,0,0,1,0,23.45
76,26.8,1,1,0,1,1,2,1,13.4
1,72.0,0,1,0,0,0,0,0,36.0
3,67.6,0,0,0,0,0,0,0,67.6
3,70.4,0,1,0,0,0,0,0,35.2
1,39.2,1,0,0,0,0,1,0,39.2
63,23.1,1,1,0,0,0,1,0,11.55
1,76.4,0,0,0,0,0,0,0,76.4
1,134.6,0,0,0,0,0,0,0,134.6
2,66.0,0,0,0,0,0,0,0,66.0
116,8.6,1,1,1,1,1,3,1,4.3
100,29.9,0,0,0,0,0,0,0,29.9
115,30.7,1,4,1,1,1,4,4,6.14
85,17.1,1,3,0,0,1,1,0,4.28
74,30.4,0,5,0,0,1,1,0,5.07
1,87.9,0,3,0,0,0,0,0,21.98
52,20.9,1,4,0,0,1,2,0,4.18
30,6.5,0,0,1,1,1,2,0,6.5
1,44.3,0,0,0,0,0,0,0,44.3
1,80.5,0,0,0,0,0,0,0,80.5
2,86.7,0,0,0,0,0,0,0,86.7
78,8.3,0,4,1,0,1,2,0,1.66
1,20.6,0,0,0,0,0,0,0,20.6
65,34.6,0,3,1,1,1,2,3,8.65
1,48.0,0,0,0,0,0,0,0,48.0
2,68.1,0,1,0,0,0,0,0,34.05
1,41.5,0,1,0,0,0,0,0,20.75
78,34.7,0,0,0,0,0,0,0,34.7
1,44.7,0,0,0,0,0,0,0,44.7
1,70.5,0,1,0,0,0,0,0,35.25
1,36.9,0,0,0,0,0,0,0,36.9
42,11.8,0,5,1,1,1,3,5,1.97
49,9.4,1,3,1,0,1,2,0,2.35
65,25.1,0,0,0,0,0,0,0,25.1
46,12.4,0,3,1,1,1,2,3,3.1
91,35.0,0,3,1,1,1,2,3,8.75
45,27.5,0,0,0,0,0,0,0,27.5
113,16.1,0,0,0,0,0,0,0,16.1
1,99.0,0,0,0,0,0,0,0,99.0
61,34.0,0,0,0,0,0,0,0,34.0
99,25.4,0,3,1,0,1,1,0,6.35
1,42.3,0,0,0,0,0,0,0,42.3
112,13.7,0,2,0,0,0,0,0,4.57
2,50.3,0,1,0,0,0,0,0,25.15
6,31.4,1,2,0,0,1,1,0,10.47
58,50.0,0,3,0,1,0,1,3,12.5
6,4.1,1,6,1,1,1,4,6,0.59
2,48.7,0,0,0,0,0,0,0,48.7
1,74.3,0,0,0,0,0,0,0,74.3
1,86.2,0,3,0,0,0,0,0,21.55
1,58.6,0,0,0,0,0,0,0,58.6
110,23.7,0,3,1,0,1,1,0,5.92
1,54.1,0,0,0,0,0,0,0,54.1
4,90.7,0,0,0,0,0,0,0,90.7
43,5.0,0,0,1,1,1,2,0,5.0
4,73.4,0,0,0,0,0,0,0,73.4
1,119.5,0,0,0,0,0,0,0,119.5
2,84.4,0,0,0,0,0,0,0,84.4
2,98.3,0,1,0,0,0,0,0,49.15
1,21.1,0,2,0,0,0,0,0,7.03
23,45.6,0,2,0,0,0,0,0,15.2
1,73.5,0,1,0,1,0,1,1,36.75
1,68.5,0,0,0,0,0,0,0,68.5
22,34.3,1,3,1,1,1,3,3,8.57
1,79.8,0,0,0,0,0,0,0,79.8
1,49.7,0,0,0,0,0,0,0,49.7
74,26.3,0,5,1,0,1,2,0,4.38
1,35.1,0,0,0,0,0,0,0,35.1
81,39.5,0,1,0,0,0,0,0,19.75
1,45.3,0,0,0,0,0,0,0,45.3
1,67.3,0,0,0,0,0,0,0,67.3
68,10.9,1,5,1,1,1,4,5,1.82
2,48.6,0,1,0,0,0,0,0,24.3
1,47.6,0,0,0,0,0,0,0,47.6
32,26.3,0,0,1,0,1,1,0,26.3
1,77.3,0,0,0,0,0,0,0,77.3
2,28.0,0,0,0,0,0,0,0,28.0
45,14.6,0,1,0,0,0,0,0,7.3
39,29.4,1,6,1,1,1,4,6,4.2
1,42.3,0,1,1,0,0,1,0,21.15
29,13.0,0,0,1,1,0,2,0,13.0
115,37.1,0,0,0,0,0,0,0,37.1
1,73.5,0,0,0,0,0,0,0,73.5
22,7.8,0,5,1,1,1,3,5,1.3
1,84.0,0,0,0,0,0,0,0,84.0
1,73.8,0,0,0,0,0,0,0,73.8
1,57.6,0,1,1,0,0,1,0,28.8
1,47.2,0,0,0,1,0,1,0,47.2
2,72.9,0,1,0,0,0,0,0,36.45
2,83.9,0,1,0,0,0,0,0,41.95
1,56.1,0,0,0,0,0,0,0,56.1
1,32.3,0,0,0,0,0,0,0,32.3
1,8.0,0,0,0,0,0,0,0,8.0
1,90.0,0,0,0,0,0,0,0,90.0
81,26.2,1,0,1,1,1,3,0,26.2
2,37.5,0,1,0,0,0,0,0,18.75
98,15.6,0,1,1,1,1,2,1,7.8
49,3.7,0,0,0,0,1,0,0,3.7
1,68.7,0,0,0,0,0,0,0,68.7
94,14.3,1,7,0,1,1,3,7,1.79
1,13.8,0,0,0,0,0,0,0,13.8
1,72.5,0,0,0,0,0,0,0,72.5
62,19.5,0,4,1,0,1,2,0,3.9
2,88.6,0,2,0,1,0,1,2,29.53
1,21.7,0,0,0,0,0,0,0,21.7
82,26.2,1,3,1,0,1,2,0,6.55
44,8.4,0,6,1,1,1,3,6,1.2
2,72.2,0,0,0,0,0,0,0,72.2
49,35.8,0,0,0,0,0,0,0,35.8
1,68.8,0,2,0,1,0,1,2,22.93
4,46.1,1,0,0,1,0,2,0,46.1
1,86.8,0,0,0,0,0,0,0,86.8
2,29.5,1,1,0,0,0,1,0,14.75
3,73.8,0,0,0,0,0,0,0,73.8
68,16.2,0,1,0,0,0,0,0,8.1
1,63.7,0,0,0,0,0,0,0,63.7
1,27.0,0,0,0,0,0,0,0,27.0
48,2.6,1,0,1,1,1,3,0,2.6
1,70.9,0,0,0,0,0,0,0,70.9
1,95.4,0,1,0,0,0,0,0,47.7
58,33.2,0,1,0,0,0,0,0,16.6
63,33.3,0,0,0,0,0,0,0,33.3
38,32.6,0,2,0,1,1,1,2,10.87
1,20.4,0,0,0,0,0,0,0,20.4
2,31.1,0,0,0,0,0,0,0,31.1
1,60.4,0,1,0,0,0,0,0,30.2
1,123.5,0,0,0,0,0,0,0,123.5
1,56.0,0,1,0,0,0,0,0,28.0
63,3.8,0,3,1,1,1,2,3,0.95
9,25.9,0,3,0,1,1,1,3,6.48
1,44.2,0,1,0,0,0,0,0,22.1
80,30.2,1,4,1,1,1,4,4,6.04
1,51.9,0,0,0,0,0,0,0,51.9
83,13.6,0,1,0,0,0,0,0,6.8
32,25.6,1,4,1,1,1,4,4,5.12
20,26.7,0,1,0,0,0,0,0,13.35
1,56.7,0,0,0,0,0,0,0,56.7
2,77.0,0,0,0,0,0,0,0,77.0
1,64.0,0,0,0,1,0,1,0,64.0
1,76.6,0,1,0,0,0,0,0,38.3
89,24.8,0,0,0,0,0,0,0,24.8
89,31.8,0,4,1,0,1,2,0,6.36
43,49.4,0,3,0,1,0,1,3,12.35
1,70.3,0,0,1,0,0,1,0,70.3
2,56.5,0,0,0,0,0,0,0,56.5
2,68.5,0,0,0,0,0,0,0,68.5
1,27.1,0,0,0,0,0,0,0,27.1
1,56.9,0,0,0,0,0,0,0,56.9
16,5.6,0,4,0,0,1,1,0,1.12
2,65.7,0,0,0,0,0,0,0,65.7
117,4.3,1,1,1,1,1,3,1,2.15
2,41.8,0,0,0,0,0,0,0,41.8
10,31.8,1,3,1,0,1,2,0,7.95
3,13.8,0,5,1,1,1,3,5,2.3
91,24.9,1,1,0,1,1,2,1,12.45
31,40.9,0,0,0,0,0,0,0,40.9
88,49.0,1,0,0,0,0,1,0,49.0
1,20.9,0,0,0,0,0,0,0,20.9
1,39.8,0,0,0,0,0,0,0,39.8
20,6.5,0,2,0,0,1,0,0,2.17
1,32.4,0,2,0,0,0,0,0,10.8
69,37.3,0,1,0,0,0,0,0,18.65
32,42.4,1,0,0,0,0,1,0,42.4
115,24.6,0,3,0,1,1,1,3,6.15
1,101.8,0,1,0,1,0,1,1,50.9
12,30.5,1,5,1,0,1,3,0,5.08
64,10.8,0,1,0,0,0,0,0,5.4
1,65.3,0,0,0,1,0,1,0,65.3
1,46.8,0,1,0,0,0,0,0,23.4
101,16.2,0,3,0,0,1,0,0,4.05
100,45.6,0,3,0,0,0,0,0,11.4
1,101.9,0,0,0,0,0,0,0,101.9
79,32.6,0,0,0,0,0,0,0,32.6
1,86.4,0,1,1,0,0,1,0,43.2
71,35.0,0,3,0,1,0,1,3,8.75
1,86.2,0,0,0,0,0,0,0,86.2
83,6.4,1,3,1,1,1,3,3,1.6
112,27.9,0,1,0,0,0,0,0,13.95
1,86.8,0,1,0,0,0,0,0,43.4
38,27.4,1,4,1,1,1,4,4,5.48
14,33.5,1,4,1,0,1,3,0,6.7
1,96.8,0,0,0,0,0,0,0,96.8
4,100.2,0,0,0,0,0,0,0,100.2
2,47.9,0,2,0,0,0,0,0,15.97
77,33.9,0,0,0,0,0,0,0,33.9
1,65.1,0,0,0,0,0,0,0,65.1
1,36.6,0,0,0,0,0,0,0,36.6
62,22.6,1,0,1,0,1,2,0,22.6
2,96.0,0,0,0,0,0,0,0,96.0
2,104.9,0,0,0,0,0,0,0,104.9
88,38.9,0,0,1,1,0,2,0,38.9
1,65.8,0,0,0,1,0,1,0,65.8
39,26.3,1,1,0,0,1,1,0,13.15
1,48.9,0,0,0,0,0,0,0,48.9
1,53.9,0,1,0,0,0,0,0,26.95
82,6.7,1,3,1,1,1,3,3,1.68
2,35.9,0,1,0,0,0,0,0,17.95
15,12.8,0,2,0,0,0,0,0,4.27
1,58.7,0,0,0,0,0,0,0,58.7
111,16.8,1,6,0,1,1,3,6,2.4
1,35.8,1,0,0,0,0,1,0,35.8
1,26.5,0,0,0,0,0,0,0,26.5
3,27.8,0,1,1,1,1,2,1,13.9
91,27.5,0,0,0,0,0,0,0,27.5
2,83.5,1,3,0,1,0,2,3,20.88
33,5.2,0,4,0,1,1,2,4,1.04
56,6.9,0,2,0,1,1,1,2,2.3
55,28.7,1,1,1,1,1,3,1,14.35
17,49.0,0,0,0,0,0,0,0,49.0
12,6.9,1,3,1,0,1,2,0,1.72
88,21.4,0,5,0,0,1,1,0,3.57
105,14.3,1,2,1,0,1,2,0,4.77
2,46.7,0,0,0,0,0,0,0,46.7
2,31.0,1,0,1,1,1,3,0,31.0
62,17.7,0,0,1,0,1,1,0,17.7
2,46.8,0,0,0,0,0,0,0,46.8
66,12.3,1,3,1,0,1,2,0,3.08
40,26.2,0,2,1,1,1,2,2,8.73
16,16.8,0,1,0,0,0,0,0,8.4
1,13.0,0,0,0,0,0,0,0,13.0
1,64.5,0,2,0,0,0,0,0,21.5
100,25.2,1,0,0,0,0,1,0,25.2
1,56.5,0,0,0,0,0,0,0,56.5
115,18.1,0,0,1,0,1,1,0,18.1
3,62.8,0,0,0,0,0,0,0,62.8
36,4.6,0,5,1,0,1,2,0,0.77
2,54.4,1,1,0,0,0,1,0,27.2
60,49.4,0,0,0,0,0,0,0,49.4
2,59.2,0,0,0,1,0,1,0,59.2
2,60.7,0,0,0,0,0,0,0,60.7
41,23.9,0,3,0,0,0,0,0,5.98
80,15.3,0,0,0,1,0,1,0,15.3
1,33.0,0,0,0,0,0,0,0,33.0
1,69.5,0,0,1,0,0,1,0,69.5
72,14.6,0,1,0,0,1,0,0,7.3
38,32.1,0,4,0,0,0,1,0,6.42
57,47.0,0,1,0,0,0,0,0,23.5
34,38.7,0,0,0,0,0,0,0,38.7
54,20.5,1,1,0,1,1,2,1,10.25
41,12.1,0,1,0,0,0,0,0,6.05
1,98.0,1,3,0,0,0,1,0,24.5
109,24.3,0,2,0,0,0,0,0,8.1
13,16.7,1,5,0,1,1,3,5,2.78
2,54.2,0,0,0,0,0,0,0,54.2
92,16.3,1,4,1,1,1,4,4,3.26
1,70.4,0,0,0,0,0,0,0,70.4
76,11.7,0,1,0,0,0,0,0,5.85
1,35.2,0,1,0,0,0,0,0,17.6
1,47.5,0,1,0,0,0,0,0,23.75
3,40.6,0,0,0,1,0,1,0,40.6
1,95.0,0,0,0,0,0,0,0,95.0
37,16.5,0,1,0,0,0,0,0,8.25
76,20.7,1,1,0,0,1,1,0,10.35
2,54.5,0,0,0,0,0,0,0,54.5
20,12.2,0,6,0,1,1,2,6,1.74
2,66.6,0,0,0,0,0,0,0,66.6
1,72.5,0,1,0,0,0,0,0,36.25
1,48.3,0,0,0,0,0,0,0,48.3
1,95.8,1,0,0,0,0,1,0,95.8
2,31.1,1,0,0,0,0,1,0,31.1
112,48.3,0,2,0,0,0,0,0,16.1
33,22.0,1,1,1,0,1,2,0,11.0
22,11.0,1,3,1,1,1,3,3,2.75
52,48.9,0,0,0,0,0,0,0,48.9
32,8.1,1,2,1,0,1,2,0,2.7
1,81.3,0,0,0,0,0,0,0,81.3
2,48.0,0,2,0,1,0,1,2,16.0
1,44.9,0,2,0,0,0,0,0,14.97
107,5.7,1,2,1,0,1,2,0,1.9
2,116.9,0,0,0,0,0,0,0,116.9
2,47.4,0,1,0,0,0,0,0,23.7
23,4.6,1,2,1,0,1,2,0,1.53
80,5.3,0,2,1,0,1,1,0,1.77
1,38.9,0,1,0,0,0,0,0,19.45
2,72.9,0,0,0,0,0,0,0,72.9
64,24.2,0,4,0,1,1,2,4,4.84
29,16.1,1,0,1,1,1,3,0,16.1
31,28.0,0,0,0,0,0,0,0,28.0
3,79.3,0,1,0,0,0,0,0,39.65
1,66.8,0,0,0,0,0,0,0,66.8
3,74.0,0,1,0,1,0,1,1,37.0
1,8.0,0,1,0,0,0,0,0,4.0
1,58.8,0,0,0,0,0,0,0,58.8
4,8.0,0,0,0,0,0,0,0,8.0
1,40.1,0,0,0,0,0,0,0,40.1
1,68.5,0,0,0,0,0,0,0,68.5
23,39.3,0,0,0,0,0,0,0,39.3
2,57.7,0,0,0,0,0,0,0,57.7
1,26.6,0,0,0,0,0,0,0,26.6
1,58.0,0,1,0,0,0,0,0,29.0
2,55.1,0,0,0,1,0,1,0,55.1
2,82.0,0,0,0,0,0,0,0,82.0
1,79.6,0,2,0,1,0,1,2,26.53
1,58.4,0,0,0,0,0,0,0,58.4
1,49.9,0,0,0,0,0,0,0,49.9
1,68.7,0,0,0,0,0,0,0,68.7
1,94.5,0,0,0,0,0,0,0,94.5
53,22.6,1,5,0,1,1,3,5,3.77
1,59.5,1,0,0,0,0,1,0,59.5
94,49.7,0,0,0,0,0,0,0,49.7
35,28.4,1,2,1,0,1,2,0,9.47
1,26.2,0,0,0,0,0,0,0,26.2
107,17.2,1,3,1,1,1,3,3,4.3
1,20.4,0,0,0,0,0,0,0,20.4
112,9.1,1,0,1,1,1,3,0,9.1
63,15.2,0,0,0,0,0,0,0,15.2
3,68.4,0,0,0,0,0,0,0,68.4
1,14.5,0,0,0,0,0,0,0,14.5
1,51.6,0,0,0,1,0,1,0,51.6
1,34.3,0,0,0,0,0,0,0,34.3
1,34.0,0,0,0,0,0,0,0,34.0
54,15.0,0,0,1,1,1,2,0,15.0
92,36.0,0,2,0,1,0,1,2,12.0
1,56.4,0,1,0,0,0,0,0,28.2
1,13.5,0,0,0,0,0,0,0,13.5
1,73.2,0,3,0,1,0,1,3,18.3
1,78.5,0,0,0,0,0,0,0,78.5
1,70.5,0,1,0,0,0,0,0,35.25
1,56.3,0,0,0,0,0,0,0,56.3
52,28.3,1,6,0,1,1,3,6,4.04
37,19.6,0,0,1,1,1,2,0,19.6
2,58.0,0,0,0,0,0,0,0,58.0
1,58.4,0,0,0,1,0,1,0,58.4
1,80.5,0,0,0,0,0,0,0,80.5
1,89.8,0,1,0,0,0,0,0,44.9
56,31.5,0,6,1,1,1,3,6,4.5
1,94.3,0,0,0,0,0,0,0,94.3
31,9.8,0,3,1,0,1,1,0,2.45
113,33.9,1,3,1,0,1,2,0,8.48
1,53.5,1,0,0,0,0,1,0,53.5
80,45.2,0,0,0,1,0,1,0,45.2
2,47.0,0,0,0,0,0,0,0,47.0
73,18.6,0,3,1,1,1,2,3,4.65
1,100.9,0,0,0,1,0,1,0,100.9
116,12.6,0,0,0,0,0,0,0,12.6
1,60.1,0,1,0,0,0,0,0,30.05
1,57.7,0,1,0,0,0,0,0,28.85
75,11.3,0,6,1,1,1,3,6,1.61
68,27.7,1,2,1,1,1,3,2,9.23
61,27.2,1,2,1,1,1,3,2,9.07
1,45.5,0,3,0,0,0,0,0,11.38
1,48.6,0,1,0,0,0,0,0,24.3
10,18.6,1,5,0,0,1,2,0,3.1
26,29.3,0,4,0,0,0,1,0,5.86
54,3.2,0,3,1,1,1,2,3,0.8
1,41.0,0,0,0,0,0,0,0,41.0
2,43.7,0,1,0,0,0,0,0,21.85
20,8.7,1,2,1,1,1,3,2,2.9
81,4.8,1,5,1,1,1,4,5,0.8
1,65.3,0,0,0,0,0,0,0,65.3
2,90.5,0,1,0,0,0,0,0,45.25
1,42.6,0,1,0,0,0,0,0,21.3
1,92.3,0,0,0,0,0,0,0,92.3
100,21.8,1,1,0,1,1,2,1,10.9
1,43.3,0,3,0,1,0,1,3,10.82
1,60.4,0,1,0,0,0,0,0,30.2
2,79.6,0,0,0,0,0,0,0,79.6
1,76.3,1,1,0,0,0,1,0,38.15
104,11.1,0,4,1,1,1,3,4,2.22
1,74.6,0,1,0,0,0,0,0,37.3
1,67.5,0,0,0,0,0,0,0,67.5
97,18.2,1,2,0,0,1,1,0,6.07
1,8.0,0,2,0,0,0,0,0,2.67
19,21.7,1,3,1,0,1,2,0,5.42
1,10.1,0,0,0,0,0,0,0,10.1
2,105.3,1,0,0,0,0,1,0,105.3
2,19.7,0,2,0,0,0,0,0,6.57
73,11.2,0,1,1,1,1,2,1,5.6
55,29.1,0,5,1,0,1,2,0,4.85
1,125.5,0,1,0,0,0,0,0,62.75
1,100.8,0,0,0,0,0,0,0,100.8
89,29.9,1,2,0,1,1,2,2,9.97
1,54.7,0,0,0,0,0,0,0,54.7
1,59.0,0,0,0,0,0,0,0,59.0
1,77.8,0,0,0,0,0,0,0,77.8
74,4.0,1,5,1,1,1,4,5,0.67
1,34.6,0,0,0,1,0,1,0,34.6
2,40.6,0,0,0,1,0,1,0,40.6
1,60.9,0,0,0,0,0,0,0,60.9
2,61.9,0,1,0,0,0,0,0,30.95
1,25.9,0,0,1,0,0,1,0,25.9
40,12.7,0,2,0,0,1,0,0,4.23
2,69.2,0,0,0,0,0,0,0,69.2
1,66.5,0,0,0,1,0,1,0,66.5
1,76.2,0,3,0,0,0,0,0,19.05
2,86.0,0,2,0,0,0,0,0,28.67
75,24.3,1,4,0,1,1,3,4,4.86
1,39.2,0,1,0,0,0,0,0,19.6
2,74.7,0,2,0,0,0,0,0,24.9
3,58.9,0,2,0,0,0,0,0,19.63
2,90.5,0,0,0,0,0,0,0,90.5
2,104.6,0,0,0,0,0,0,0,104.6
11,25.4,1,3,0,0,1,1,0,6.35
1,32.8,0,1,0,0,0,0,0,16.4
99,10.7,0,0,0,0,0,0,0,10.7
94,40.0,0,1,0,0,0,0,0,20.0
1,63.9,0,1,0,0,0,0,0,31.95
1,44.7,0,0,0,0,0,0,0,44.7
38,27.4,0,3,1,1,1,2,3,6.85
2,80.6,0,0,0,0,0,0,0,80.6
1,49.4,0,0,0,0,0,0,0,49.4
75,31.7,1,4,1,1,1,4,4,6.34
1,69.3,0,1,0,0,0,0,0,34.65
93,33.9,0,0,0,0,0,0,0,33.9
45,15.8,1,0,0,1,1,2,0,15.8
35,14.8,0,3,1,1,1,2,3,3.7
1,70.2,0,0,0,0,0,0,0,70.2
3,85.9,0,0,0,0,0,0,0,85.9
55,27.1,0,0,0,0,0,0,0,27.1
2,40.6,0,0,0,0,0,0,0,40.6
1,42.2,0,0,0,1,0,1,0,42.2
86,12.8,1,3,1,1,1,3,3,3.2
3,38.9,0,0,0,0,0,0,0,38.9
112,14.2,1,2,1,0,1,2,0,4.73
1,25.7,0,0,0,0,0,0,0,25.7
88,27.2,1,3,1,1,1,3,3,6.8
1,76.4,0,0,0,0,0,0,0,76.4
1,8.0,0,0,0,1,0,1,0,8.0
26,7.1,1,4,1,0,1,3,0,1.42
1,58.7,0,0,0,1,0,1,0,58.7
1,73.8,0,0,0,0,0,0,0,73.8
1,74.3,0,1,0,0,0,0,0,37.15
37,19.4,0,1,0,0,0,0,0,9.7
115,30.9,0,1,0,0,0,0,0,15.45
1,78.0,0,0,0,0,0,0,0,78.0
1,66.5,0,3,0,0,0,0,0,16.62
1,45.1,0,0,0,0,0,0,0,45.1
94,9.2,1,0,1,1,1,3,0,9.2
85,23.4,1,3,0,1,1,2,3,5.85
2,31.7,0,1,0,0,0,0,0,15.85
63,12.6,0,0,0,0,0,0,0,12.6
16,14.6,1,2,1,1,1,3,2,4.87
37,42.2,0,2,0,0,0,0,0,14.07
13,33.8,1,0,1,0,1,2,0,33.8
1,54.7,0,2,0,0,0,0,0,18.23
2,65.8,0,0,0,0,0,0,0,65.8
1,8.1,0,0,1,0,0,1,0,8.1
3,69.2,0,1,0,0,0,0,0,34.6
112,17.7,1,0,0,0,0,1,0,17.7
1,72.9,1,0,0,0,0,1,0,72.9
35,6.6,1,4,1,1,1,4,4,1.32
1,37.3,0,0,0,0,0,0,0,37.3
3,93.5,1,1,0,0,0,1,0,46.75
1,31.7,0,0,0,0,0,0,0,31.7
1,72.8,0,1,0,0,0,0,0,36.4
1,101.8,0,0,0,0,0,0,0,101.8
1,39.1,0,1,0,0,0,0,0,19.55
1,81.2,0,0,0,0,0,0,0,81.2
54,16.2,1,1,1,1,1,3,1,8.1
84,40.9,0,0,0,0,0,0,0,40.9
6,18.8,0,1,1,0,1,1,0,9.4
1,75.0,0,0,0,0,0,0,0,75.0
58,5.4,1,1,1,1,1,3,1,2.7
4,73.1,0,0,0,0,0,0,0,73.1
1,9.5,0,0,0,0,0,0,0,9.5
1,25.2,0,0,0,0,0,0,0,25.2
1,82.2,0,0,0,0,0,0,0,82.2
1,63.9,0,1,0,0,0,0,0,31.95
28,15.5,0,1,1,0,1,1,0,7.75
48,11.8,0,0,0,1,0,1,0,11.8
1,70.4,0,0,0,0,0,0,0,70.4
2,45.4,0,0,0,0,0,0,0,45.4
32,10.0,0,2,1,1,1,2,2,3.33
74,35.4,0,0,0,0,0,0,0,35.4
89,17.1,1,0,0,1,1,2,0,17.1
1,51.6,0,0,0,0,0,0,0,51.6
2,48.4,1,0,0,1,0,2,0,48.4
10,26.6,1,2,1,1,1,3,2,8.87
1,22.0,0,1,0,0,0,0,0,11.0
24,16.2,1,2,1,0,1,2,0,5.4
1,51.3,0,0,0,0,0,0,0,51.3
116,27.7,0,0,0,0,0,0,0,27.7
2,67.4,0,0,0,0,0,0,0,67.4
1,86.3,1,0,0,0,0,1,0,86.3
1,79.0,0,0,0,0,0,0,0,79.0
48,12.6,1,1,1,1,1,3,1,6.3
1,13.6,0,1,0,0,0,0,0,6.8
12,23.2,1,6,1,1,1,4,6,3.31
1,31.0,0,2,0,0,0,0,0,10.33
3,39.1,0,0,0,0,0,0,0,39.1
97,31.4,1,4,1,0,1,3,0,6.28
98,30.5,1,6,1,1,1,4,6,4.36
39,34.7,1,4,1,1,1,4,4,6.94
59,23.6,1,2,1,0,1,2,0,7.87
70,15.1,1,3,1,0,1,2,0,3.78
1,41.8,0,1,0,0,0,0,0,20.9
78,15.5,1,7,1,1,1,4,7,1.94
19,31.7,0,0,0,0,0,0,0,31.7
95,26.5,0,1,0,0,0,0,0,13.25
1,55.0,0,0,0,0,0,0,0,55.0
48,30.3,0,1,0,0,0,0,0,15.15
1,58.9,0,1,0,0,0,0,0,29.45
1,64.2,0,0,0,0,0,0,0,64.2
2,25.1,0,0,0,0,0,0,0,25.1
27,33.1,0,2,0,0,0,0,0,11.03
43,4.2,1,5,1,1,1,4,5,0.7
18,24.7,1,7,1,0,1,3,0,3.09
62,3.8,1,1,1,0,1,2,0,1.9
1,50.2,0,1,0,0,0,0,0,25.1
2,60.8,0,0,0,1,0,1,0,60.8
3,74.7,0,0,0,0,0,0,0,74.7
1,70.6,0,0,0,0,0,0,0,70.6
1,57.9,0,0,0,0,0,0,0,57.9
1,36.0,0,0,0,0,0,0,0,36.0
3,92.4,0,1,0,0,0,0,0,46.2
59,8.7,1,5,1,0,1,3,0,1.45
1,111.2,0,0,0,0,0,0,0,111.2
109,45.4,0,0,0,0,0,0,0,45.4
14,30.5,0,0,1,0,0,1,0,30.5
1,79.9,0,0,0,0,0,0,0,79.9
2,8.0,0,1,0,0,0,0,0,4.0
65,31.7,0,1,1,0,0,1,0,15.85
2,98.9,0,0,0,0,0,0,0,98.9
1,44.4,0,0,1,1,0,2,0,44.4
1,94.6,0,0,0,0,0,0,0,94.6
1,71.8,0,0,0,0,0,0,0,71.8
31,4.4,0,5,1,1,1,3,5,0.73
68,28.2,1,4,0,1,1,3,4,5.64
1,47.9,0,1,0,1,0,1,1,23.95
4,37.2,0,1,0,0,0,0,0,18.6
1,88.8,0,0,0,0,0,0,0,88.8
2,47.7,0,1,0,0,0,0,0,23.85
1,53.4,0,1,0,0,0,0,0,26.7
13,38.8,0,0,0,1,0,1,0,38.8
1,8.0,0,0,0,0,0,0,0,8.0
2,35.8,0,0,0,0,0,0,0,35.8
2,103.9,0,0,0,0,0,0,0,103.9
96,13.2,0,0,0,1,1,1,0,13.2
1,87.0,0,1,0,0,0,0,0,43.5
91,25.4,0,4,1,1,1,3,4,5.08
1,65.0,0,0,0,0,0,0,0,65.0
60,11.1,0,5,0,0,1,1,0,1.85
1,35.2,0,0,0,0,0,0,0,35.2
1,47.1,0,0,0,0,0,0,0,47.1
1,34.3,0,0,0,0,0,0,0,34.3
1,9.1,0,0,0,0,0,0,0,9.1
1,58.2,0,0,0,0,0,0,0,58.2
1,109.7,0,0,0,0,0,0,0,109.7
41,22.4,0,3,1,1,1,2,3,5.6
1,20.4,0,1,0,0,0,0,0,10.2
2,31.9,0,0,0,0,0,0,0,31.9
118,20.5,1,6,1,0,1,3,0,2.93
21,19.7,1,1,1,1,1,3,1,9.85
115,14.4,1,1,1,1,1,3,1,7.2
1,58.7,0,0,0,0,0,0,0,58.7
1,45.1,0,2,0,0,0,0,0,15.03
21,33.2,0,0,0,0,0,0,0,33.2
62,24.8,0,3,1,1,1,2,3,6.2
1,55.6,0,0,0,0,0,0,0,55.6
113,25.1,0,4,1,1,1,3,4,5.02
1,42.2,0,3,0,0,0,0,0,10.55
3,60.3,0,0,0,0,0,0,0,60.3
1,70.2,0,0,0,0,0,0,0,70.2
2,90.2,0,0,0,0,0,0,0,90.2
3,49.6,0,0,0,1,0,1,0,49.6
1,55.4,0,0,0,0,0,0,0,55.4
93,21.6,1,3,1,0,1,2,0,5.4
60,12.4,0,5,1,0,1,2,0,2.07
1,98.2,0,1,0,1,0,1,1,49.1
1,56.8,0,0,0,0,0,0,0,56.8
1,37.1,0,0,1,0,0,1,0,37.1
67,2.4,0,4,0,0,1,1,0,0.48
2,63.3,0,3,0,0,0,0,0,15.82
87,7.1,1,3,1,1,1,3,3,1.78
119,25.5,1,4,1,1,1,4,4,5.1
1,62.4,0,2,0,0,0,0,0,20.8
1,69.6,0,0,0,0,0,0,0,69.6
2,51.4,1,0,0,0,0,1,0,51.4
44,5.3,1,3,0,0,1,1,0,1.32
14,3.8,1,0,0,0,1,1,0,3.8
2,108.4,0,1,0,0,0,0,0,54.2
22,4.8,1,6,0,1,1,3,6,0.69
1,8.0,0,2,0,0,0,0,0,2.67
115,43.2,0,2,1,0,0,1,0,14.4
1,60.6,0,0,0,0,0,0,0,60.6
1,48.8,0,0,0,0,0,0,0,48.8
2,71.3,0,0,0,0,0,0,0,71.3
1,39.1,1,1,0,0,0,1,0,19.55
1,53.0,0,2,0,0,0,0,0,17.67
1,53.2,0,0,0,0,0,0,0,53.2
12,49.3,0,1,0,0,0,0,0,24.65
96,44.5,0,0,0,1,0,1,0,44.5
1,8.0,0,1,0,1,0,1,1,4.0
38,37.9,0,1,1,0,0,1,0,18.95
105,23.3,1,0,1,1,1,3,0,23.3
49,40.0,0,0,0,0,0,0,0,40.0
1,40.5,1,0,0,0,0,1,0,40.5
21,33.9,0,2,0,1,0,1,2,11.3
2,39.4,0,1,0,0,0,0,0,19.7
91,30.4,0,1,1,0,1,1,0,15.2
10,2.6,1,5,0,0,1,2,0,0.43
41,27.2,0,4,0,0,0,1,0,5.44
1,75.0,0,1,0,0,0,0,0,37.5
38,12.7,1,3,1,1,1,3,3,3.18
2,35.4,0,0,0,0,0,0,0,35.4
43,12.3,1,3,1,1,1,3,3,3.08
1,67.2,0,0,0,0,0,0,0,67.2
1,40.8,0,0,0,0,0,0,0,40.8
1,62.0,0,2,0,0,0,0,0,20.67
1,79.4,0,1,0,1,0,1,1,39.7
113,4.5,1,4,1,0,1,3,0,0.9
1,64.4,0,1,0,0,0,0,0,32.2
1,84.0,0,0,0,0,0,0,0,84.0
1,90.4,1,0,0,0,0,1,0,90.4
41,28.6,0,3,1,1,1,2,3,7.15
3,58.8,0,0,0,0,0,0,0,58.8
82,32.5,0,0,0,1,0,1,0,32.5
1,55.1,0,0,0,0,0,0,0,55.1
1,79.8,0,0,0,0,0,0,0,79.8
1,55.7,0,0,0,0,0,0,0,55.7
1,15.6,0,0,0,0,0,0,0,15.6
91,9.3,1,3,0,0,1,1,0,2.33
58,20.5,0,5,1,0,1,2,0,3.42
46,3.2,1,0,1,0,1,2,0,3.2
26,8.4,0,5,1,0,1,2,0,1.4
70,46.9,0,1,0,0,0,0,0,23.45
111,22.4,1,5,1,1,1,4,5,3.73
110,21.7,0,0,0,0,0,0,0,21.7
1,46.8,0,0,0,0,0,0,0,46.8
98,28.5,1,3,1,1,1,3,3,7.12
1,79.8,0,2,0,0,0,0,0,26.6
1,77.5,0,1,0,0,0,0,0,38.75
1,60.3,0,1,0,0,0,0,0,30.15
101,43.3,0,0,1,0,0,1,0,43.3
114,49.9,0,3,0,0,0,0,0,12.48
3,67.7,0,0,0,0,0,0,0,67.7
2,25.7,0,0,0,0,0,0,0,25.7
4,58.4,0,0,0,0,0,0,0,58.4
89,25.9,1,3,1,1,1,3,3,6.48
1,46.7,0,0,0,0,0,0,0,46.7
1,81.6,1,0,1,0,0,2,0,81.6
4,46.5,0,1,0,0,0,0,0,23.25
117,31.1,0,4,1,0,1,2,0,6.22
2,72.4,0,3,0,0,0,0,0,18.1
3,50.7,0,2,0,0,0,0,0,16.9
62,20.1,1,2,1,0,1,2,0,6.7
1,40.2,0,0,0,0,0,0,0,40.2
67,40.8,0,1,1,0,0,1,0,20.4
1,77.3,0,2,1,0,0,1,0,25.77
1,86.9,0,0,0,0,0,0,0,86.9
2,91.4,1,0,0,0,0,1,0,91.4
1,46.0,1,2,0,0,0,1,0,15.33
1,96.3,0,0,0,0,0,0,0,96.3
1,40.0,0,0,0,0,0,0,0,40.0
107,38.7,0,0,0,0,0,0,0,38.7
23,21.2,0,0,0,0,0,0,0,21.2
2,75.9,0,0,0,0,0,0,0,75.9
3,34.4,0,0,0,0,0,0,0,34.4
11,4.8,1,2,1,0,1,2,0,1.6
1,10.8,0,0,0,0,0,0,0,10.8
1,68.1,0,0,0,0,0,0,0,68.1
81,19.7,0,0,1,0,0,1,0,19.7
1,66.4,0,0,0,0,0,0,0,66.4
1,77.3,0,0,0,0,0,0,0,77.3
2,109.8,0,0,0,0,0,0,0,109.8
1,36.5,0,1,0,0,0,0,0,18.25
1,70.6,0,1,0,0,0,0,0,35.3
88,31.8,0,0,0,0,0,0,0,31.8
72,18.1,0,0,0,0,0,0,0,18.1
3,44.9,0,2,0,1,0,1,2,14.97
100,19.0,1,4,1,1,1,4,4,3.8
95,38.8,1,0,0,0,0,1,0,38.8
1,96.1,0,3,0,0,0,0,0,24.02
111,38.4,0,1,0,1,0,1,1,19.2
4,69.8,0,1,0,0,0,0,0,34.9
3,60.5,0,0,0,0,0,0,0,60.5
1,42.2,0,1,0,0,0,0,0,21.1
1,73.3,0,1,0,0,0,0,0,36.65
65,17.9,1,5,0,1,1,3,5,2.98
11,19.5,1,4,1,0,1,3,0,3.9
3,52.6,0,1,0,0,0,0,0,26.3
94,6.7,0,4,1,0,1,2,0,1.34
28,2.3,1,5,0,1,1,3,5,0.38
1,56.0,0,1,0,0,0,0,0,28.0
110,7.4,1,3,1,0,1,2,0,1.85
1,31.3,0,1,0,1,0,1,1,15.65
102,25.4,1,5,1,1,1,4,5,4.23
1,89.8,0,2,0,0,0,0,0,29.93
2,77.3,1,0,0,0,0,1,0,77.3
91,26.0,1,4,1,0,1,3,0,5.2
51,12.3,0,0,0,0,0,0,0,12.3
27,12.5,1,5,1,0,1,3,0,2.08
68,4.0,0,3,1,0,1,1,0,1.0
52,21.3,0,4,1,0,1,2,0,4.26
1,48.5,0,0,0,0,0,0,0,48.5
1,65.6,0,0,0,0,0,0,0,65.6
26,2.4,0,3,1,1,1,2,3,0.6
2,61.3,0,0,0,0,0,0,0,61.3
3,72.0,0,2,0,0,0,0,0,24.0
1,54.5,0,0,0,0,0,0,0,54.5
1,89.5,0,0,0,0,0,0,0,89.5
102,17.4,0,0,0,0,0,0,0,17.4
4,50.3,0,0,0,0,0,0,0,50.3
1,55.4,0,0,0,0,0,0,0,55.4
73,38.8,0,2,0,0,0,0,0,12.93
1,65.9,0,0,0,0,0,0,0,65.9
3,82.4,0,1,1,0,0,1,0,41.2
104,16.4,0,0,0,0,0,0,0,16.4
1,68.0,0,0,0,0,0,0,0,68.0
3,41.2,0,1,0,0,0,0,0,20.6
80,24.8,0,4,0,0,0,1,0,4.96
43,21.7,1,0,1,0,1,2,0,21.7
1,68.8,0,0,1,0,0,1,0,68.8
1,81.7,0,1,0,0,0,0,0,40.85
1,71.4,0,0,0,0,0,0,0,71.4
102,24.5,1,0,0,0,0,1,0,24.5
1,64.8,0,0,0,0,0,0,0,64.8
84,17.6,1,4,0,1,1,3,4,3.52
65,3.0,0,2,1,0,1,1,0,1.0
1,45.0,0,1,0,0,0,0,0,22.5
46,31.1,1,2,1,1,1,3,2,10.37
1,65.7,0,0,0,0,0,0,0,65.7
1,86.8,0,0,0,0,0,0,0,86.8
1,17.8,0,0,0,0,0,0,0,17.8
45,16.9,0,1,1,1,1,2,1,8.45
53,12.0,0,0,0,0,0,0,0,12.0
113,26.8,1,6,1,0,1,3,0,3.83
1,56.2,0,0,0,0,0,0,0,56.2
68,22.7,1,5,1,0,1,3,0,3.78
1,81.0,0,0,0,0,0,0,0,81.0
112,26.2,1,6,1,0,1,3,0,3.74
75,28.8,0,0,0,0,0,0,0,28.8
3,62.1,1,0,0,0,0,1,0,62.1
45,11.2,0,3,1,1,1,2,3,2.8
1,83.7,0,0,0,0,0,0,0,83.7
3,90.1,1,0,0,0,0,1,0,90.1
16,11.2,1,2,1,1,1,3,2,3.73
114,27.5,1,4,0,0,1,2,0,5.5
1,54.5,0,0,1,0,0,1,0,54.5
1,70.6,0,2,0,0,0,0,0,23.53
85,28.6,0,0,0,0,0,0,0,28.6
1,79.3,0,0,0,0,0,0,0,79.3
26,8.2,1,1,1,1,1,3,1,4.1
1,67.9,0,1,0,0,0,0,0,33.95
1,103.3,0,0,0,0,0,0,0,103.3
10,48.1,0,2,0,0,0,0,0,16.03
28,4.9,1,3,0,1,1,2,3,1.23
4,83.3,1,0,0,0,0,1,0,83.3
3,108.8,0,0,0,0,0,0,0,108.8
1,47.4,0,0,0,0,0,0,0,47.4
1,101.0,0,0,0,0,0,0,0,101.0
1,43.7,0,1,0,0,0,0,0,21.85
36,30.2,1,2,1,0,1,2,0,10.07
20,30.4,0,0,0,0,0,0,0,30.4
108,16.1,0,3,1,0,1,1,0,4.03
2,94.2,0,0,0,0,0,0,0,94.2
113,15.1,0,4,0,0,1,1,0,3.02
39,5.8,1,6,0,1,1,3,6,0.83
1,8.0,0,0,0,0,0,0,0,8.0
45,12.1,0,4,1,0,1,2,0,2.42
2,33.7,0,0,0,0,0,0,0,33.7
1,52.3,0,0,0,0,0,0,0,52.3
2,35.5,0,0,0,1,0,1,0,35.5
38,20.2,1,5,1,0,1,3,0,3.37
102,18.2,0,0,1,0,0,1,0,18.2
1,36.1,0,1,0,0,0,0,0,18.05
42,26.3,1,1,0,0,0,1,0,13.15
34,25.2,1,7,1,1,1,4,7,3.15
36,16.8,1,0,0,1,1,2,0,16.8
43,10.4,0,0,0,0,0,0,0,10.4
1,57.1,1,0,0,0,0,1,0,57.1
19,15.0,0,0,0,0,0,0,0,15.0
1,80.1,0,0,0,0,0,0,0,80.1
78,18.5,0,2,1,1,1,2,2,6.17
77,45.8,0,2,0,0,0,0,0,15.27
1,75.9,0,0,0,0,0,0,0,75.9
1,81.7,0,0,0,0,0,0,0,81.7
1,50.0,0,0,0,0,0,0,0,50.0
14,33.5,1,1,1,1,1,3,1,16.75
27,24.3,0,0,0,0,0,0,0,24.3
69,20.6,1,1,1,1,1,3,1,10.3
73,30.0,0,0,1,0,1,1,0,30.0
1,91.4,0,1,0,0,0,0,0,45.7
1,83.1,0,0,0,0,0,0,0,83.1
3,32.4,0,1,1,0,0,1,0,16.2
49,12.5,1,1,0,0,1,1,0,6.25
1,93.7,1,2,0,0,0,1,0,31.23
4,58.0,0,0,0,0,0,0,0,58.0
3,15.2,1,0,0,0,0,1,0,15.2
1,22.2,0,0,0,0,0,0,0,22.2
1,89.5,0,0,0,0,0,0,0,89.5
2,37.1,0,2,0,0,0,0,0,12.37
2,40.9,0,0,0,0,0,0,0,40.9
1,14.6,0,0,0,0,0,0,0,14.6
29,21.7,1,0,1,1,1,3,0,21.7
31,9.0,0,1,1,1,1,2,1,4.5
1,84.5,0,0,0,0,0,0,0,84.5
1,54.8,0,0,0,0,0,0,0,54.8
35,3.5,1,1,0,0,1,1,0,1.75
84,24.7,0,3,0,0,1,0,0,6.18
57,25.0,0,5,1,0,1,2,0,4.17
1,36.0,0,0,0,0,0,0,0,36.0
66,8.3,0,5,0,1,1,2,5,1.38
33,11.7,1,3,1,0,1,2,0,2.92
109,12.5,0,1,1,0,1,1,0,6.25
1,53.9,0,0,0,0,0,0,0,53.9
1,38.8,0,0,0,0,0,0,0,38.8
1,90.3,0,0,0,0,0,0,0,90.3
73,35.7,0,4,0,0,0,1,0,7.14
20,40.8,0,2,0,0,0,0,0,13.6
1,100.0,0,0,0,0,0,0,0,100.0
1,61.9,0,0,0,0,0,0,0,61.9
80,23.7,0,1,1,1,1,2,1,11.85
59,11.0,1,6,1,1,1,4,6,1.57
4,44.2,0,3,0,0,0,0,0,11.05
2,55.4,0,0,0,0,0,0,0,55.4
118,45.1,0,3,0,0,0,0,0,11.28
2,62.3,0,0,0,0,0,0,0,62.3
114,8.6,0,0,0,1,1,1,0,8.6
108,8.9,1,6,1,1,1,4,6,1.27
92,12.2,1,2,1,1,1,3,2,4.07
2,92.0,0,1,0,0,0,0,0,46.0
1,78.9,0,0,0,0,0,0,0,78.9
1,77.2,0,1,0,0,0,0,0,38.6
2,40.1,1,0,1,1,0,3,0,40.1
3,37.4,0,0,0,0,0,0,0,37.4
4,68.8,0,0,0,0,0,0,0,68.8
63,15.2,1,6,0,0,1,2,0,2.17
108,8.2,1,0,1,1,1,3,0,8.2
1,78.1,0,0,0,0,0,0,0,78.1
36,13.2,0,1,1,0,1,1,0,6.6
106,30.7,1,4,0,1,1,3,4,6.14
65,10.8,1,6,1,1,1,4,6,1.54
2,54.8,0,0,0,0,0,0,0,54.8
2,59.2,0,2,0,0,0,0,0,19.73
1,20.1,0,3,0,0,0,0,0,5.03
1,66.6,0,0,0,0,0,0,0,66.6
1,94.7,0,0,0,0,0,0,0,94.7
2,63.4,0,1,0,0,0,0,0,31.7
17,2.8,1,5,1,1,1,4,5,0.47
55,30.4,0,3,0,0,0,0,0,7.6
1,61.0,0,2,0,1,0,1,2,20.33
100,21.7,1,2,1,1,1,3,2,7.23
2,59.4,0,0,0,0,0,0,0,59.4
1,100.2,0,2,0,0,0,0,0,33.4
4,32.9,0,1,0,0,0,0,0,16.45
25,39.5,0,0,0,0,0,0,0,39.5
3,72.9,0,0,0,0,0,0,0,72.9
2,46.5,0,2,0,0,0,0,0,15.5
3,29.8,1,4,0,0,1,2,0,5.96
14,21.2,0,5,0,1,1,2,5,3.53
88,2.6,1,4,1,1,1,4,4,0.52
3,33.3,0,3,0,0,0,0,0,8.32
1,21.4,0,0,0,0,0,0,0,21.4
1,92.4,0,1,0,1,0,1,1,46.2
1,52.6,0,0,0,0,0,0,0,52.6
2,75.2,0,3,0,0,0,0,0,18.8
2,96.3,1,2,0,0,0,1,0,32.1
100,29.8,0,0,0,0,0,0,0,29.8
117,30.4,0,0,0,0,0,0,0,30.4
18,19.7,0,3,1,0,1,1,0,4.92
1,59.8,0,0,0,0,0,0,0,59.8
1,82.8,0,1,0,0,0,0,0,41.4
2,53.8,0,0,0,0,0,0,0,53.8
1,42.3,0,0,1,0,0,1,0,42.3
1,20.1,0,0,0,0,0,0,0,20.1
1,89.9,0,0,0,0,0,0,0,89.9
61,34.0,1,4,1,0,1,3,0,6.8
1,83.3,0,1,0,0,0,0,0,41.65
21,8.2,1,2,1,1,1,3,2,2.73
1,98.0,0,0,0,0,0,0,0,98.0
29,29.6,0,1,0,0,0,0,0,14.8
38,28.1,0,3,1,0,1,1,0,7.02
2,43.1,0,0,0,0,0,0,0,43.1
1,65.3,0,0,0,0,0,0,0,65.3
84,4.2,1,3,1,1,1,3,3,1.05
1,46.7,0,1,0,1,0,1,1,23.35
2,44.8,0,0,0,0,0,0,0,44.8
3,52.5,0,2,0,0,0,0,0,17.5
2,23.0,0,0,0,0,0,0,0,23.0
1,46.6,0,1,0,0,0,0,0,23.3
24,48.6,0,0,0,0,0,0,0,48.6
10,8.2,1,4,1,1,1,4,4,1.64
10,21.4,0,4,1,1,1,3,4,4.28
1,16.2,0,0,0,0,0,0,0,16.2
77,17.0,0,3,0,0,0,0,0,4.25
110,7.0,0,0,1,1,1,2,0,7.0
1,60.0,0,0,0,0,0,0,0,60.0
1,32.2,0,1,0,0,0,0,0,16.1
54,37.3,0,1,0,1,0,1,1,18.65
4,62.3,0,0,0,0,0,0,0,62.3
1,41.7,0,0,0,0,0,0,0,41.7
32,27.2,0,0,0,0,0,0,0,27.2
1,67.5,0,1,1,0,0,1,0,33.75
1,25.4,0,0,0,0,0,0,0,25.4
110,25.3,1,1,0,0,0,1,0,12.65
31,17.5,1,3,0,1,1,2,3,4.38
1,87.5,0,0,0,0,0,0,0,87.5
101,18.9,1,4,1,1,1,4,4,3.78
2,118.1,0,0,0,0,0,0,0,118.1
12,34.9,1,5,1,1,1,4,5,5.82
77,22.1,1,2,1,0,1,2,0,7.37
13,34.6,1,3,0,1,1,2,3,8.65
1,65.6,0,0,0,0,0,0,0,65.6
1,66.1,0,0,0,0,0,0,0,66.1
112,28.4,1,5,1,1,1,4,5,4.73
1,70.2,0,1,0,0,0,0,0,35.1
112,30.3,1,3,1,0,1,2,0,7.58
1,72.0,0,0,0,0,0,0,0,72.0
95,27.9,0,6,0,1,1,2,6,3.99
1,73.3,0,0,0,0,0,0,0,73.3
91,14.9,0,5,0,1,1,2,5,2.48
60,33.8,0,0,0,0,0,0,0,33.8
1,30.0,0,0,0,0,0,0,0,30.0
84,4.1,1,4,0,1,1,3,4,0.82
69,25.4,0,6,1,1,1,3,6,3.63
1,90.8,0,0,0,0,0,0,0,90.8
4,94.8,0,0,0,0,0,0,0,94.8
1,40.4,0,0,0,0,0,0,0,40.4
1,31.2,0,0,0,0,0,0,0,31.2
59,17.6,0,0,0,0,0,0,0,17.6
1,30.3,0,0,0,0,0,0,0,30.3
6,3.8,0,3,0,1,1,1,3,0.95
77,15.8,1,3,1,1,1,3,3,3.95
1,51.9,0,0,0,0,0,0,0,51.9
2,101.1,0,3,0,0,0,0,0,25.28
7,23.5,1,3,1,0,1,2,0,5.88
113,13.0,0,3,1,0,1,1,0,3.25
66,15.6,1,2,1,1,1,3,2,5.2
1,77.5,0,0,0,0,0,0,0,77.5
99,13.1,0,0,0,0,0,0,0,13.1
109,31.7,1,4,1,0,1,3,0,6.34
1,47.5,0,0,0,0,0,0,0,47.5
1,53.7,0,0,0,0,0,0,0,53.7
1,31.2,0,0,0,0,0,0,0,31.2
52,44.4,0,1,0,0,0,0,0,22.2
1,57.1,0,0,0,0,0,0,0,57.1
6,32.0,0,0,0,0,1,0,0,32.0
21,40.7,0,0,0,0,0,0,0,40.7
84,11.0,1,1,1,1,1,3,1,5.5
100,12.9,1,3,1,1,1,3,3,3.22
1,83.6,0,2,0,0,0,0,0,27.87
38,19.9,0,0,0,0,0,0,0,19.9
82,22.6,1,3,0,0,1,1,0,5.65
1,109.7,1,0,0,0,0,1,0,109.7
1,55.0,0,0,0,0,0,0,0,55.0
46,41.6,0,2,0,0,0,0,0,13.87
88,29.4,0,5,1,1,1,3,5,4.9
1,62.2,0,0,1,0,0,1,0,62.2
47,30.7,0,4,1,0,1,2,0,6.14
21,2.8,1,1,1,1,1,3,1,1.4
1,83.9,0,0,0,0,0,0,0,83.9
2,48.4,0,3,0,0,0,0,0,12.1
2,47.1,1,0,0,0,0,1,0,47.1
3,115.5,0,3,0,0,0,0,0,28.88
1,8.0,0,0,0,0,0,0,0,8.0
1,92.8,0,1,0,0,0,0,0,46.4
1,40.5,0,0,0,0,0,0,0,40.5
88,33.6,0,0,0,0,0,0,0,33.6
1,53.0,0,1,0,0,0,0,0,26.5
1,18.5,0,0,0,0,0,0,0,18.5
1,57.3,1,0,0,0,0,1,0,57.3
1,8.1,0,0,0,0,0,0,0,8.1
1,48.2,0,3,0,0,0,0,0,12.05
1,22.0,0,0,0,0,0,0,0,22.0
2,39.3,0,1,0,0,0,0,0,19.65
90,39.8,0,2,0,0,0,0,0,13.27
104,10.1,0,1,0,1,1,1,1,5.05
1,58.8,0,0,0,0,0,0,0,58.8
28,27.8,0,0,0,1,0,1,0,27.8
1,88.4,0,0,0,0,0,0,0,88.4
23,28.1,0,4,0,0,0,1,0,5.62
1,112.3,0,0,0,0,0,0,0,112.3
2,45.9,0,0,0,0,0,0,0,45.9
1,76.5,0,0,0,0,0,0,0,76.5
1,87.6,0,1,0,0,0,0,0,43.8
108,29.0,1,4,0,1,1,3,4,5.8
2,55.1,1,0,0,0,0,1,0,55.1
78,27.9,1,5,1,1,1,4,5,4.65
37,18.1,1,2,1,0,1,2,0,6.03
59,21.4,0,0,0,0,0,0,0,21.4
1,106.8,0,0,0,1,0,1,0,106.8
90,37.0,0,1,0,0,0,0,0,18.5
24,6.7,1,2,0,0,1,1,0,2.23
1,12.2,1,0,0,0,0,1,0,12.2
1,59.6,0,0,0,0,0,0,0,59.6
1,71.2,0,0,0,0,0,0,0,71.2
12,33.6,0,0,0,0,0,0,0,33.6
1,36.2,0,1,0,0,0,0,0,18.1
100,28.9,0,2,1,0,1,1,0,9.63
55,9.7,1,0,1,1,1,3,0,9.7
1,30.3,0,2,0,0,0,0,0,10.1
1,70.6,0,1,0,0,0,0,0,35.3
42,6.3,1,4,1,1,1,4,4,1.26
2,60.9,1,0,0,0,0,1,0,60.9
42,10.1,1,4,0,1,1,3,4,2.02
1,73.8,0,1,0,0,0,0,0,36.9
30,41.9,0,1,0,0,0,0,0,20.95
92,31.5,0,4,0,0,0,1,0,6.3
1,55.4,0,0,0,0,0,0,0,55.4
112,8.4,1,4,1,0,1,3,0,1.68
2,35.8,0,0,0,0,0,0,0,35.8
21,19.1,0,5,1,1,1,3,5,3.18
24,21.3,0,0,0,0,0,0,0,21.3
83,3.2,1,6,1,1,1,4,6,0.46
82,31.4,1,5,0,1,1,3,5,5.23
38,45.9,0,1,0,0,0,0,0,22.95
1,36.5,0,1,0,0,0,0,0,18.25
1,25.1,0,0,0,0,0,0,0,25.1
10,19.9,0,3,1,1,1,2,3,4.97
93,7.6,1,5,0,1,1,3,5,1.27
98,8.3,1,0,1,1,1,3,0,8.3
23,26.7,0,7,0,0,1,1,0,3.34
1,50.1,0,0,0,0,0,0,0,50.1
1,54.1,0,0,0,0,0,0,0,54.1
1,29.1,0,0,0,0,0,0,0,29.1
50,14.8,1,4,1,1,1,4,4,2.96
1,60.2,0,2,0,0,0,0,0,20.07
1,83.0,0,0,0,0,0,0,0,83.0
29,34.4,0,1,0,0,0,0,0,17.2
1,63.6,0,0,0,0,0,0,0,63.6
1,55.1,0,2,0,0,0,0,0,18.37
1,65.0,0,0,0,0,0,0,0,65.0
40,19.3,1,4,1,0,1,3,0,3.86
68,34.4,0,2,0,1,1,1,2,11.47
70,45.7,0,0,0,1,0,1,0,45.7
91,8.9,0,4,1,0,1,2,0,1.78
1,39.7,0,0,0,0,0,0,0,39.7
82,49.7,0,1,0,0,0,0,0,24.85
1,70.7,0,1,0,0,0,0,0,35.35
1,97.0,0,0,0,0,0,0,0,97.0
3,25.7,0,3,0,0,0,0,0,6.42
106,49.2,0,0,1,0,0,1,0,49.2
84,13.0,0,4,0,0,0,1,0,2.6
1,21.6,0,1,0,0,0,0,0,10.8
1,111.2,0,0,0,0,0,0,0,111.2
118,13.7,1,3,1,1,1,3,3,3.42
32,38.5,0,2,0,0,0,0,0,12.83
1,100.0,0,0,0,0,0,0,0,100.0
1,93.9,0,0,0,0,0,0,0,93.9
71,5.0,1,0,1,1,1,3,0,5.0
1,78.9,0,2,0,0,0,0,0,26.3
1,45.6,0,0,0,0,0,0,0,45.6
1,98.1,0,1,0,0,0,0,0,49.05
1,35.7,0,2,0,0,0,0,0,11.9
1,8.0,1,0,0,0,0,1,0,8.0
89,10.9,1,3,1,1,1,3,3,2.72
1,33.7,0,0,0,0,0,0,0,33.7
22,4.6,1,4,1,0,1,3,0,0.92
1,32.4,0,0,0,1,0,1,0,32.4
1,72.6,0,0,0,0,0,0,0,72.6
91,25.3,1,2,1,1,1,3,2,8.43
1,72.5,0,0,0,0,0,0,0,72.5
1,106.4,0,1,0,0,0,0,0,53.2
1,58.3,0,0,0,0,0,0,0,58.3
1,63.4,0,0,0,0,0,0,0,63.4
1,34.0,0,1,0,0,0,0,0,17.0
118,35.1,0,1,0,0,0,0,0,17.55
1,53.4,0,0,0,0,0,0,0,53.4
62,10.3,1,4,1,0,1,3,0,2.06
90,45.3,0,1,0,1,0,1,1,22.65
45,26.3,1,4,0,1,1,3,4,5.26
1,20.4,0,1,0,0,0,0,0,10.2
54,26.1,0,0,0,0,0,0,0,26.1
1,87.4,0,0,0,0,0,0,0,87.4
112,29.7,0,0,0,0,0,0,0,29.7
88,24.3,0,2,1,1,1,2,2,8.1
39,31.4,1,4,1,1,1,4,4,6.28
1,71.6,0,0,0,0,0,0,0,71.6
1,80.7,0,1,0,0,0,0,0,40.35
1,86.8,0,0,0,0,0,0,0,86.8
4,111.1,0,2,0,0,0,0,0,37.03
2,93.8,0,0,0,0,0,0,0,93.8
1,85.4,0,0,0,0,0,0,0,85.4
88,19.8,1,1,1,1,1,3,1,9.9
2,33.5,1,2,0,0,0,1,0,11.17
1,96.9,0,0,0,0,0,0,0,96.9
1,47.9,0,0,0,0,0,0,0,47.9
84,24.4,1,0,0,0,1,1,0,24.4
89,21.2,0,3,1,1,1,2,3,5.3
106,10.3,1,4,1,1,1,4,4,2.06
1,66.3,0,2,0,0,0,0,0,22.1
1,79.5,0,1,0,0,0,0,0,39.75
1,21.6,0,0,0,0,0,0,0,21.6
1,46.9,0,0,0,0,0,0,0,46.9
1,36.3,0,1,1,0,0,1,0,18.15
68,18.9,0,4,0,0,1,1,0,3.78
115,30.6,1,2,1,1,1,3,2,10.2
111,25.4,0,0,0,0,0,0,0,25.4
102,18.6,1,1,1,1,1,3,1,9.3
1,100.7,0,0,0,0,0,0,0,100.7
2,31.2,0,0,0,0,0,0,0,31.2
57,11.8,1,1,1,0,1,2,0,5.9
1,73.7,0,0,0,0,0,0,0,73.7
94,15.3,0,5,1,1,1,3,5,2.55
1,46.9,0,1,0,0,0,0,0,23.45
82,17.5,0,1,0,0,1,0,0,8.75
1,67.7,0,0,0,0,0,0,0,67.7
39,21.4,0,0,0,0,0,0,0,21.4
1,30.1,0,0,0,1,0,1,0,30.1
35,39.1,0,0,0,0,0,0,0,39.1
61,14.5,0,4,1,1,1,3,4,2.9
1,69.7,0,2,0,0,0,0,0,23.23
3,20.1,0,0,0,0,0,0,0,20.1
92,23.5,0,1,0,0,0,0,0,11.75
3,60.8,0,0,0,0,0,0,0,60.8
3,15.7,1,3,0,1,1,2,3,3.92
1,78.5,0,3,0,0,0,0,0,19.62
1,47.6,0,0,0,0,0,0,0,47.6
2,89.5,0,0,0,0,0,0,0,89.5
1,8.0,1,0,0,0,0,1,0,8.0
1,56.9,0,0,0,0,0,0,0,56.9
1,73.7,0,1,0,0,0,0,0,36.85
1,80.5,0,0,0,0,0,0,0,80.5
3,48.6,0,0,0,0,0,0,0,48.6
1,58.5,0,0,0,0,0,0,0,58.5
1,68.9,0,0,0,0,0,0,0,68.9
1,90.1,0,1,0,0,0,0,0,45.05
1,52.4,0,0,0,0,0,0,0,52.4
2,64.5,0,0,0,0,0,0,0,64.5
1,66.4,0,0,0,0,0,0,0,66.4
68,24.4,0,5,1,0,1,2,0,4.07
43,43.0,0,1,0,0,0,0,0,21.5
107,37.9,0,0,0,0,0,0,0,37.9
2,21.7,0,0,0,0,0,0,0,21.7
1,52.9,0,0,0,0,0,0,0,52.9
2,58.6,0,0,0,0,0,0,0,58.6
83,26.2,0,3,0,0,1,0,0,6.55
42,10.9,0,0,0,1,0,1,0,10.9
3,83.9,0,0,0,0,0,0,0,83.9
1,61.4,0,0,0,0,0,0,0,61.4
1,73.2,0,0,0,0,0,0,0,73.2
1,71.9,0,1,0,0,0,0,0,35.95
1,32.0,1,0,0,0,0,1,0,32.0
1,35.9,0,1,0,0,0,0,0,17.95
1,66.7,0,0,0,0,0,0,0,66.7
1,73.1,0,0,0,0,0,0,0,73.1
1,58.7,0,1,0,0,0,0,0,29.35
1,39.6,0,0,0,0,0,0,0,39.6
60,3.7,1,4,1,1,1,4,4,0.74
86,29.6,1,0,1,0,1,2,0,29.6
115,34.4,0,2,0,0,0,0,0,11.47
29,19.6,1,5,1,1,1,4,5,3.27
1,112.4,0,0,0,0,0,0,0,112.4
73,31.3,1,2,1,1,1,3,2,10.43
1,35.5,0,0,0,0,0,0,0,35.5
1,72.4,0,0,0,0,0,0,0,72.4
2,101.4,0,0,0,1,0,1,0,101.4
2,83.9,0,1,0,0,0,0,0,41.95
1,44.9,0,0,0,0,0,0,0,44.9
1,78.1,0,1,0,0,0,0,0,39.05
41,33.6,0,2,0,0,0,0,0,11.2
51,24.3,0,3,0,0,0,0,0,6.08
79,34.1,0,3,0,1,1,1,3,8.52
1,72.1,0,0,0,0,0,0,0,72.1
16,28.5,0,1,0,0,0,0,0,14.25
69,16.9,1,4,1,0,1,3,0,3.38
2,89.6,0,0,0,0,0,0,0,89.6
